Seconds,Engine Speed - (G28),Injection Timing,Mass Air Flow - Sensor (G70),Throttle Valve Angle,Ignition - Timing Angle,Vehicle Speed - (current),Boost Pressure - (actual),,,,,
0.4,0,0,0,7.1,0,0,910,0
0.62,0,0,0,7.1,0,0,910,0
0.88,0,0,0,7.1,0,0,910,0
1.11,0,0,0,7.1,0,0,910,0
1.36,0,0,0,7.1,0,0,910,0
1.6,0,0,0,7.1,0,0,910,0
1.85,0,0,0,7.1,0,0,910,0
2.08,0,0,0,7.1,0,0,910,0
2.32,0,0,0,7.1,0,0,910,0
2.56,0,0,0,7.1,0,0,910,0
2.83,0,0,0,7.1,0,0,910,0
3.07,0,0,0,7.1,0,0,910,0
3.32,0,0,0,7.1,0,0,910,0
3.55,0,0,0,7.1,0,0,910,0
3.78,0,0,0,7.1,0,0,910,0
4.03,0,0,0,7.1,0,0,910,0
4.26,0,0,0,7.1,0,0,910,0
4.52,0,0,0,7.1,0,0,910,0
4.75,0,0,0,7.1,0,0,910,0
5,0,0,0,7.1,0,0,910,0
5.23,0,0,0,7.1,0,0,910,0
5.49,0,0,0,7.1,0,0,910,0
5.72,0,0,0,7.1,0,0,910,0
5.96,0,0,0,7.1,0,0,910,0
6.2,0,0,0,7.1,0,0,910,0
6.44,0,0,0,7.1,0,0,910,0
6.7,0,0,0,7.1,0,0,910,0
6.94,0,0,0,7.1,0,0,910,0
7.18,0,0,0,7.1,0,0,910,0
7.42,0,0,0,7.1,0,0,910,0
7.67,0,0,0,7.1,0,0,910,0
7.91,0,0,0,7.1,0,0,910,0
8.18,0,0,0,7.1,0,0,910,0
8.41,0,0,0,7.1,0,0,910,0
8.66,0,0,0,7.1,0,0,910,0
8.91,0,0,0,7.1,0,0,910,0
9.14,0,0,0,7.1,0,0,910,0
9.39,0,0,0,7.1,0,0,910,0
9.63,0,0,0,7.1,0,0,910,0
9.89,0,0,0,7.1,0,0,910,0
10.13,0,0,0,7.1,0,0,910,0
10.39,0,0,0,7.1,0,0,910,0
10.63,0,0,0,7.1,0,0,910,0
10.88,0,0,0,7.1,0,0,910,0
11.13,0,0,0,7.1,0,0,910,0
11.37,0,0,0,7.1,0,0,910,0
11.61,0,0,0,7.1,0,0,910,0
11.86,0,0,0,7.1,0,0,910,0
12.09,0,0,0,7.1,0,0,910,0
12.34,0,0,0,7.1,0,0,910,0
12.62,0,0,0,7.1,0,0,910,0
12.85,0,0,0,7.1,0,0,910,0
13.1,0,0,0,7.1,0,0,910,0
13.33,0,0,0,7.1,0,0,910,0
13.58,0,0,0,7.1,0,0,910,0
13.81,0,0,0,7.1,0,0,910,0
14.06,0,0,0,7.1,0,0,910,0
14.29,0,0,0,7.1,0,0,910,0
14.55,0,0,0,7.1,0,0,910,0
14.78,0,0,0,7.1,0,0,910,0
15.01,0,0,0,7.1,0,0,910,0
15.27,0,0,0,7.1,0,0,910,0
15.5,0,0,0,7.1,0,0,910,0
15.75,0,0,0,7.1,0,0,910,0
15.99,0,0,0,7.1,0,0,910,0
16.24,0,0,0,7.1,0,0,910,0
16.47,0,0,0,7.1,0,0,910,0
16.72,0,0,0,7.1,0,0,910,0
16.96,0,0,0,7.1,0,0,910,0
17.2,0,0,0,7.1,0,0,910,0
17.44,0,0,0,7.1,0,0,910,0
17.67,0,0,0,7.1,0,0,910,0
17.93,0,0,0,7.1,0,0,910,0
18.16,0,0,0,7.1,0,0,910,0
18.41,0,0,0,7.1,0,0,910,0
18.64,0,0,0,7.1,0,0,910,0
18.91,0,0,0,7.1,0,0,910,0
19.15,0,0,0,7.1,0,0,910,0
19.39,0,0,0,7.1,0,0,910,0
19.63,0,0,0,7.1,0,0,910,0
19.87,0,0,0,7.1,0,0,910,0
20.12,0,0,0,7.1,0,0,910,0
20.36,0,0,0,7.1,0,0,910,0
20.62,0,0,0,7.1,0,0,910,0
20.85,0,0,0,7.1,0,0,910,0
21.1,0,0,0,7.1,0,0,910,0
21.33,0,0,0,7.1,0,0,910,0
21.58,0,0,0,7.1,0,0,910,0
21.82,120,2.04,0.81,1.2,0,0,910,0
22.06,400,2.04,2.31,3.9,9.8,0,910,0
22.3,1000,1.53,3.58,3.9,9.8,0,910,0
22.55,1280,0.77,3.89,3.9,9,0,910,0
22.78,1360,0.77,4.14,3.9,7.5,0,910,0
23.02,1320,0.77,4.47,4.3,6,0,910,0
23.26,1360,0.77,4.28,4.3,4.5,0,910,0
23.5,1360,0.77,4.56,4.7,3.8,0,910,0
23.75,1280,0.77,4.47,4.7,2.3,0,910,0
23.99,1240,0.77,4.19,4.3,1.5,0,910,0
24.25,1160,0.77,4.03,4.3,0,0,910,0
24.48,1080,0.77,3.58,3.9,-1.5,0,910,0
24.73,1000,0.77,3.44,3.5,-3.8,0,910,0
24.97,920,1.02,3.42,3.5,1.5,0,910,0
25.23,920,1.02,4.53,4.3,5.3,0,910,0
25.45,920,1.28,4.47,4.3,-6.8,0,910,0
25.71,920,1.28,4.42,4.3,-6.8,0,910,0
25.94,920,1.28,4.22,4.3,-4.5,0,910,0
26.17,920,1.28,4.31,4.3,-5.3,0,910,0
26.43,920,1.28,4.42,4.3,-6,0,910,0
26.66,920,1.28,4.28,4.3,-5.3,0,910,0
26.91,920,1.02,4,4.3,-4.5,0,910,0
27.14,920,1.02,3.92,3.9,-3.8,0,910,0
27.39,920,1.02,3.97,3.9,-3,0,910,0
27.63,960,1.02,3.83,3.9,-1.5,0,910,0
27.88,960,1.02,3.86,3.9,-0.8,0,910,0
28.11,920,1.02,3.72,3.9,-2.3,0,910,0
28.36,920,1.02,3.47,3.9,-2.3,0,910,0
28.6,880,1.02,3.56,3.9,0,0,910,0
28.83,920,1.02,3.69,3.5,-0.8,0,910,0
29.08,880,1.02,3.67,3.5,0,0,910,0
29.32,880,1.02,3.47,3.5,-0.8,0,910,0
29.58,880,1.02,3.42,3.5,0.8,0,910,0
29.82,880,1.02,3.44,3.5,0.8,0,910,0
30.07,880,1.02,3.39,3.5,2.3,0,910,0
30.3,880,0.77,3.17,3.5,3.8,0,910,0
30.55,880,1.02,3.44,3.5,4.5,0,910,0
30.78,880,1.02,3.47,3.5,2.3,0,910,0
31.03,880,1.02,3.47,3.5,1.5,0,910,0
31.27,880,1.02,3.58,3.5,0.8,0,910,0
31.5,880,1.02,3.56,3.5,2.3,0,910,0
31.75,880,0.77,3.22,3.5,0.8,0,910,0
31.98,880,0.77,3.39,3.1,3,0,910,0
32.23,880,1.02,3.42,3.5,2.3,0,910,0
32.47,880,0.77,3.28,3.5,0.8,0,910,0
32.74,880,0.77,3.22,3.5,2.3,0,910,0
32.98,880,0.77,3.42,3.5,2.3,0,910,0
33.23,880,1.02,3.36,3.5,1.5,0,910,0
33.48,880,1.02,3.36,3.5,0.8,0,910,0
33.72,880,1.02,3.42,3.5,1.5,0,910,0
33.96,880,0.77,3.28,3.5,0.8,0,910,0
34.21,880,1.02,3.25,3.1,1.5,0,910,0
34.45,880,0.77,3.31,3.1,0.8,0,910,0
34.73,880,0.77,3,3.1,1.5,0,910,0
34.97,840,1.02,3.28,3.1,1.5,0,910,0
35.22,880,0.77,3.22,3.1,0.8,0,910,0
35.45,880,0.77,3.08,3.1,0.8,0,910,0
35.69,880,0.77,3.25,3.1,3,0,910,0
35.94,840,0.77,3.19,3.1,0,0,910,0
36.17,840,0.77,3,3.1,0.8,0,910,0
36.42,840,0.77,3.22,3.1,1.5,0,910,0
36.66,840,0.77,3.22,3.1,1.5,0,910,0
36.91,840,0.77,3.11,3.1,0,0,910,0
37.14,840,1.02,3.28,3.1,0.8,0,910,0
37.39,840,1.02,3.31,3.1,0,0,910,0
37.63,840,0.77,3.08,3.1,1.5,0,910,0
37.88,840,0.77,3.19,3.1,2.3,0,910,0
38.11,840,1.02,3.14,3.1,2.3,0,910,0
38.35,840,1.02,3.25,3.1,1.5,0,910,0
38.6,840,0.77,3.11,3.1,1.5,0,910,0
38.85,840,0.77,3.08,3.1,0.8,0,910,0
39.09,840,0.77,3.08,3.1,0.8,0,910,0
39.33,840,0.77,3.08,3.1,0.8,0,910,0
39.58,840,0.77,2.94,3.1,1.5,0,910,0
39.81,840,0.77,3.14,3.1,2.3,0,910,0
40.08,840,0.77,3.06,3.1,0.8,0,910,0
40.31,840,0.77,3.08,3.1,2.3,0,910,0
40.58,840,0.77,3.22,3.1,1.5,0,910,0
40.81,800,0.77,3.06,3.1,0.8,0,910,0
41.07,840,0.77,2.94,3.1,0.8,0,910,0
41.3,840,0.77,3.17,3.1,2.3,0,910,0
41.54,800,0.77,2.97,3.1,1.5,0,910,0
41.79,800,0.77,3.08,3.1,1.5,0,910,0
42.02,800,0.77,3.17,3.1,0.8,0,910,0
42.27,800,0.77,2.78,3.1,0.8,0,910,0
42.5,800,0.77,3.14,3.1,2.3,0,910,0
42.75,800,0.77,3.06,3.1,1.5,0,910,0
42.98,800,0.77,3.08,3.1,1.5,0,910,0
43.24,800,0.77,2.97,3.1,1.5,0,910,0
43.47,800,1.02,3.14,3.1,1.5,0,910,0
43.72,800,0.77,2.97,3.1,0.8,0,910,0
43.95,800,0.77,2.97,3.1,0.8,0,910,0
44.19,800,0.77,3.03,3.1,1.5,0,910,0
44.44,800,0.77,3.03,3.1,1.5,0,910,0
44.67,800,0.77,3.03,3.1,0.8,0,910,0
44.92,800,0.77,3,3.1,1.5,0,910,0
45.16,800,0.77,3.06,3.1,3,0,910,0
45.42,800,0.77,2.94,3.1,2.3,0,910,0
45.66,800,0.77,3.06,3.1,2.3,0,910,0
45.91,800,0.77,3.11,3.1,1.5,0,910,0
46.15,800,0.77,3,3.1,0.8,0,910,0
46.39,800,0.77,2.78,3.1,0.8,0,910,0
46.63,800,0.77,2.94,3.1,2.3,0,910,0
46.88,800,1.02,3.11,3.1,0,0,910,0
47.11,800,0.77,2.94,3.1,0,0,910,0
47.34,760,0.77,2.72,3.1,1.5,0,910,0
47.61,760,0.77,2.89,2.7,2.3,0,910,0
47.84,800,0.77,2.78,2.7,2.3,0,910,0
48.09,800,0.77,2.92,2.7,3,0,910,0
48.33,800,1.02,3.03,3.1,0.8,0,910,0
48.58,800,0.77,2.97,3.1,0.8,0,910,0
48.82,760,0.77,2.69,2.7,1.5,0,910,0
49.06,800,0.77,2.92,2.7,1.5,0,910,0
49.3,800,0.77,2.86,2.7,0.8,0,910,0
49.55,800,0.77,2.89,2.7,2.3,0,910,0
49.79,800,0.77,3.11,3.1,1.5,0,910,0
50.02,800,0.77,2.75,3.1,0,0,910,0
50.27,800,1.02,3.06,2.7,1.5,0,910,0
50.5,760,1.02,3.03,2.7,1.5,0,910,0
50.77,760,0.77,2.92,2.7,0.8,0,910,0
51,800,0.77,2.94,2.7,0.8,0,910,0
51.25,800,0.77,2.92,2.7,0.8,0,910,0
51.48,760,0.77,2.64,2.7,1.5,0,910,0
51.73,760,0.77,2.53,2.7,3,0,910,0
51.97,760,0.77,3.06,2.7,6.8,0,910,0
52.22,800,1.02,3.08,3.1,1.5,0,910,0
52.46,800,0.77,3.03,3.1,-0.8,0,910,0
52.69,760,0.77,2.81,2.7,-0.8,0,910,0
52.94,760,0.77,2.75,2.7,0.8,0,910,0
53.17,760,0.77,2.89,2.7,4.5,0,910,0
53.42,760,1.02,3.03,2.7,2.3,0,910,0
53.66,760,0.77,2.94,2.7,0.8,0,910,0
53.91,760,1.02,2.94,2.7,0.8,0,910,0
54.14,760,0.77,2.81,2.7,0,0,910,0
54.39,760,0.77,2.92,2.7,4.5,0,910,0
54.63,760,0.77,2.81,3.1,0,0,910,0
54.88,760,0.77,2.72,2.7,1.5,0,910,0
55.11,760,0.77,2.78,2.7,3,0,910,0
55.34,760,0.77,2.86,3.1,2.3,0,910,0
55.59,760,1.02,2.86,3.1,3,0,910,0
55.83,760,0.77,2.83,3.1,2.3,0,910,0
56.1,760,1.02,3.06,2.7,5.3,0,910,0
56.35,760,1.02,2.94,3.1,3,0,910,0
56.6,760,1.02,2.89,3.1,2.3,0,910,0
56.83,760,1.02,3.14,3.1,1.5,0,910,0
57.08,760,1.02,3.06,3.1,-0.8,0,910,0
57.31,760,1.02,3.11,3.1,0,0,910,0
57.58,760,1.02,3.28,3.1,0,0,910,0
57.82,760,1.02,3.28,3.1,-2.3,0,910,0
58.06,760,1.02,3.25,3.1,-3.8,0,910,0
58.3,800,1.02,3.25,3.1,-4.5,0,910,0
58.54,760,1.02,3.22,3.1,-5.3,0,910,0
58.78,760,1.02,2.94,3.1,-3.8,0,910,0
59.02,760,1.02,2.72,3.1,-3,0,910,0
59.27,760,1.02,3.11,3.1,0,0,910,0
59.52,760,1.02,3.22,3.1,-2.3,0,910,0
59.77,800,1.02,4.03,3.1,-3,0,910,0
60,1000,1.53,7.14,7.1,17.3,0,910,0
60.25,1240,1.02,5.75,5.1,-2.3,0,910,0
60.48,1320,0.77,5.81,5.5,11.3,0,910,0
60.74,1360,0.77,5.89,5.5,10.5,0,910,0
60.97,1400,0.77,5.53,5.5,12,1,910,0
61.22,1400,0.77,5.33,5.5,12.8,1,910,0
61.49,1400,0.77,5.61,5.5,14.3,1,910,0
61.74,1400,0.77,5.64,5.5,13.5,1,910,0
61.99,1360,0.77,5.44,5.5,13.5,1,910,0
62.22,1360,1.02,5.69,5.5,13.5,1,910,0
62.47,1320,1.02,5.67,5.5,11.3,1,910,0
62.7,1280,1.02,5.64,5.5,12,1,910,0
62.95,1200,1.02,5.72,5.5,9.8,1,910,0
63.19,1160,1.02,5.64,5.5,10.5,1,910,0
63.44,1120,1.28,5.75,5.5,12,1,910,0
63.67,1160,1.28,5.92,5.9,19.5,1,910,0
63.92,1160,1.28,6.06,5.5,14.3,1,910,0
64.16,1160,1.28,5.75,5.9,13.5,2,910,0
64.39,1160,1.28,6.25,5.9,14.3,2,910,0
64.64,1160,1.28,6.19,5.9,12,3,910,0
64.87,1160,1.28,6.11,5.9,12.8,3,910,0
65.13,1160,1.28,5.78,5.9,14.3,3,910,0
65.36,1160,1.28,6.19,5.9,15.8,4,910,0
65.62,1200,1.28,5.94,5.9,14.3,4,910,0
65.85,1200,1.28,6.08,5.9,14.3,4,910,0
66.1,1200,1.02,5.92,5.9,14.3,5,910,0
66.33,1160,1.02,5.58,5.5,14.3,5,910,0
66.59,1080,1.02,4.17,4.7,-3,5,910,0
66.83,1000,0.77,3.14,3.1,-9,6,920,0
67.06,880,0.77,3.25,3.1,-0.8,6,910,0
67.31,840,0.77,2.81,3.1,-0.8,6,910,0
67.55,800,0.77,2.92,2.7,-1.5,6,910,0
67.8,720,1.02,3,2.7,2.3,6,910,0
68.04,720,1.02,2.64,2.7,2.3,6,910,0
68.28,720,1.02,2.94,2.7,8.3,5,910,0
68.52,720,1.02,3,3.1,3,5,910,0
68.76,760,1.02,3.44,3.1,2.3,3,910,0
69,760,1.02,3.5,3.5,-2.3,2,910,0
69.27,760,1.02,3.08,3.1,-6.8,1,910,0
69.5,760,1.02,3.06,3.1,-3,0,910,0
69.75,760,1.02,3.17,3.1,-3,0,910,0
69.99,720,1.02,3.11,3.1,-2.3,0,910,0
70.23,760,1.79,3.11,3.1,-2.3,0,910,0
70.49,960,2.29,8.36,11.4,15.8,0,900,0
70.72,1160,1.53,6.94,5.9,-9.8,0,910,0
70.97,1320,1.28,7.03,7.1,3,0,910,0
71.2,1320,1.28,7.42,6.7,7.5,0,910,0
71.45,1280,1.28,7.25,7.1,11.3,0,910,0
71.69,1160,1.53,7.42,7.1,11.3,0,910,0
71.95,1080,1.53,7.39,6.7,5.3,0,910,0
72.19,1080,1.79,8.03,7.1,19.5,0,910,0
72.43,1120,1.79,8.56,7.8,15,0,910,0
72.68,1120,1.79,7.39,7.5,0.8,1,920,0
72.94,1120,1.53,7.47,7.1,7.5,1,920,0
73.17,1160,1.53,7.72,7.1,8.3,2,920,0
73.4,1160,1.53,7.61,7.1,8.3,3,920,0
73.66,1120,1.53,7.39,6.7,8.3,3,920,0
73.89,1120,1.53,7,6.7,9.8,4,920,0
74.14,1120,1.53,6.72,6.7,11.3,5,920,0
74.38,1080,1.28,4.89,4.3,-1.5,5,920,0
74.63,1040,0.77,3.28,3.1,-10.5,6,920,0
74.86,960,0.77,3.08,3.1,-9,6,920,0
75.13,880,0.77,3.08,3.1,-2.3,6,920,0
75.36,800,0.77,2.78,2.7,-2.3,6,910,0
75.61,760,0.77,2.75,2.7,0,6,910,0
75.85,760,0.77,2.58,2.7,1.5,5,910,0
76.08,760,1.02,2.69,2.7,2.3,5,910,0
76.33,760,1.53,6.67,2.7,18,5,910,0
76.56,920,1.28,3.25,7.1,-13.5,5,910,0
76.81,960,0.77,2.81,2.7,-10.5,5,910,0
77.05,840,0.77,3.11,3.1,-9,6,910,0
77.32,720,0.77,2.72,2.7,1.5,6,910,0
77.55,760,1.02,2.75,2.7,6,6,910,0
77.8,760,0.77,2.72,2.7,0.8,6,910,0
78.03,760,0.77,2.64,2.7,0,7,910,0
78.28,760,0.77,2.69,2.7,1.5,7,910,0
78.52,760,0.77,2.81,2.7,1.5,8,910,0
78.76,720,0.77,2.67,2.7,3,8,910,0
79,720,1.02,2.86,2.7,5.3,8,910,0
79.23,720,0.77,2.69,2.7,1.5,9,910,0
79.5,720,1.02,2.92,2.7,1.5,9,910,0
79.74,760,1.02,2.81,2.7,1.5,9,910,0
79.99,720,1.02,2.89,2.7,1.5,10,910,0
80.22,720,1.02,2.81,2.7,2.3,10,910,0
80.47,720,0.77,2.69,2.7,1.5,10,910,0
80.7,720,0.77,2.69,2.7,3.8,9,910,0
80.95,720,0.77,2.75,2.7,3,9,910,0
81.19,760,0.77,2.67,2.7,3,9,910,0
81.43,760,1.02,2.97,3.1,2.3,8,910,0
81.67,760,1.02,2.81,3.1,-0.8,7,910,0
81.91,720,1.02,2.86,2.7,-0.8,6,910,0
82.16,720,1.02,2.97,2.7,0,6,910,0
82.39,720,0.77,2.69,2.7,2.3,5,910,0
82.66,720,1.02,3.28,2.7,1.5,4,910,0
82.89,720,1.02,3.11,3.1,-1.5,3,910,0
83.14,760,1.02,3.11,3.1,-3,3,910,0
83.38,760,1.02,3.22,3.1,-3.8,2,910,0
83.63,720,1.02,3.11,3.1,-3,2,910,0
83.88,720,1.02,2.97,3.1,-3,2,910,0
84.13,760,1.02,3.03,3.1,-1.5,2,910,0
84.36,760,1.02,3.03,3.1,-3,3,910,0
84.61,760,1.02,3.08,3.1,-2.3,3,910,0
84.85,720,1.02,3.03,3.1,-2.3,3,910,0
85.08,720,1.02,2.89,3.1,-1.5,4,910,0
85.33,760,1.53,3.06,3.1,-1.5,4,910,0
85.57,920,2.04,8.83,7.8,17.3,4,900,0
85.81,1160,1.28,5.53,5.5,-11.3,4,910,0
86.04,1280,1.02,5.86,5.5,4.5,4,910,0
86.3,1280,1.02,6.22,5.9,15.8,4,910,0
86.53,1280,1.02,5.78,5.9,16.5,5,910,0
86.79,1240,1.02,5.58,5.5,21,5,910,0
87.05,1120,1.02,5.69,5.5,24.8,5,910,0
87.29,1000,1.28,6.11,5.1,21.8,6,910,0
87.53,920,1.79,6.97,5.9,18,6,910,0
87.79,920,2.04,7.69,7.1,21,6,910,0
88.05,960,2.04,7.83,7.5,10.5,7,910,0
88.31,1040,1.79,7.58,7.1,-1.5,8,910,0
88.55,1080,1.79,7.92,7.1,6.8,8,920,0
88.81,1160,2.04,10.47,7.8,10.5,9,910,0
89.05,1280,2.29,11.75,10.2,10.5,10,920,0
89.28,1360,2.29,13.06,11.4,11.3,10,920,0
89.53,1480,2.29,14.64,12.5,9,11,920,0
89.76,1600,2.04,15.53,13.3,9.8,12,930,0
90.02,1720,2.04,16.69,14.1,10.5,13,940,0
90.26,1840,2.04,17.89,14.5,12,14,950,0
90.5,1960,1.79,18.39,14.1,12,15,960,0
90.73,2040,1.79,18.36,14.1,12,16,970,0
90.99,2160,1.79,19.53,14.5,12.8,17,970,0
91.22,2240,1.53,20.36,14.5,12.8,18,980,0
91.47,2280,0.77,8.39,12.5,12.8,19,980,0
91.71,2160,0.51,7.89,7.5,-6,20,960,0
91.94,2040,0.51,6.78,7.1,-5.3,20,950,0
92.19,1840,0.51,6.28,6.7,-5.3,20,940,0
92.42,1760,0.77,7.94,6.3,5.3,20,930,0
92.67,1720,1.53,13.94,9.4,15,20,920,0
92.91,1720,1.79,15.08,11.8,14.3,20,910,0
93.17,1680,2.04,16.03,13.3,13.5,20,930,0
93.41,1600,2.04,16.47,13.7,11.3,20,930,0
93.65,1560,2.29,16.42,14.5,9.8,21,940,0
93.89,1600,2.29,16.69,14.1,9,22,950,0
94.15,1640,2.29,17.28,14.5,9.8,22,960,0
94.38,1720,2.04,18,14.9,9.8,23,960,0
94.61,1760,2.04,18.22,14.9,9.8,24,970,0
94.87,1800,2.04,17.69,14.5,10.5,24,980,0
95.11,1840,2.04,17.83,14.5,11.3,25,980,0
95.36,1880,2.04,18.28,13.7,11.3,26,990,0
95.6,1920,1.79,18,14.1,12,26,990,0
95.85,1960,1.79,17.03,14.1,12,27,990,0
96.08,2000,1.53,15.58,11.8,12.8,27,990,0
96.33,2000,1.53,15.06,11.8,13.5,28,980,0
96.56,2040,1.53,15.42,11.8,13.5,28,980,0
96.81,2080,1.53,15.28,11.8,14.3,29,970,0
97.05,2080,1.28,14.39,11.4,14.3,29,970,0
97.28,2080,1.28,13.81,11,14.3,29,960,0
97.53,2080,1.28,12.03,10.6,14.3,30,960,0
97.77,2080,1.02,10.86,9,15,30,960,0
98.02,2080,1.02,9.94,8.6,15.8,30,950,0
98.26,2080,1.02,9.69,8.2,15.8,30,950,0
98.51,2080,0.77,9.64,8.2,15.8,30,940,0
98.75,2080,0.77,9.08,7.8,15.8,30,930,0
99,2040,0.77,7.83,8.2,15.8,29,930,0
99.24,2040,0.77,6.78,7.1,16.5,29,930,0
99.49,2000,0.51,6.11,5.9,7.5,29,930,0
99.72,1960,0.51,5.75,5.5,7.5,29,920,0
99.95,1960,0.51,5.92,5.5,6,29,920,0
100.22,1920,0.51,6.08,5.5,4.5,28,920,0
100.47,1880,0.51,5.89,5.5,1.5,28,920,0
100.72,1880,0.51,5.72,5.5,3,27,920,0
100.95,1840,0.51,5.67,5.5,12.8,27,920,0
101.21,1800,1.02,7.69,5.9,15.8,26,920,0
101.44,1800,1.53,12.33,8.6,12.8,26,910,0
101.69,1840,1.53,13.22,10.2,0.8,26,910,0
101.92,1840,1.53,14.11,11.4,14.3,26,920,0
102.17,1880,1.53,15.75,12.2,14.3,26,920,0
102.41,1920,1.53,15.61,12.5,13.5,26,930,0
102.66,1920,1.53,15.72,12.5,13.5,27,940,0
102.89,1960,1.53,15.64,12.5,13.5,27,950,0
103.12,2000,1.53,15.78,12.5,13.5,28,950,0
103.38,2040,1.53,16.81,12.5,13.5,28,960,0
103.61,2080,1.53,17.25,13.3,13.5,28,960,0
103.88,2080,1.53,17.08,12.9,13.5,29,970,0
104.11,2120,1.53,17.86,13.3,13.5,29,970,0
104.36,2160,1.53,17.92,13.7,13.5,30,980,0
104.6,2200,1.53,18.92,13.7,13.5,30,980,0
104.84,2240,1.53,18.69,14.1,12.8,31,990,0
105.08,2240,1.53,19.44,14.1,12.8,31,990,0
105.33,2280,1.53,20.17,14.1,12.8,32,1000,0
105.56,2320,1.53,19.67,14.1,12.8,32,1010,0
105.81,2360,1.53,20.19,14.1,12.8,33,1010,0
106.05,2400,1.53,19.92,14.1,12.8,33,1010,0
106.28,2440,1.53,20.33,14.1,13.5,34,1010,0
106.53,2480,1.53,20.97,14.5,12.8,34,1020,0
106.76,2480,1.53,20.94,14.9,12.8,35,1020,0
107.01,2560,1.53,23.03,15.3,13.5,35,1020,0
107.25,2560,1.53,24,16.1,13.5,36,1030,0
107.5,2600,1.53,23.94,16.1,13.5,36,1040,0
107.74,2640,1.79,24.39,16.1,13.5,37,1050,0
107.99,2680,1.53,23.69,16.1,13.5,37,1050,0
108.25,2720,1.53,24,16.1,13.5,38,1050,0
108.5,2760,1.79,24.92,16.1,13.5,38,1060,0
108.74,2800,1.53,24.58,16.5,13.5,39,1060,0
109.01,2840,1.53,24.92,16.5,13.5,39,1060,0
109.25,2880,1.53,25.06,16.5,13.5,40,1070,0
109.51,2920,1.53,25,16.5,13.5,41,1070,0
109.73,2960,1.53,25,16.5,13.5,41,1070,0
109.97,2960,1.53,25.89,16.5,13.5,41,1080,0
110.22,3000,1.53,26.39,16.5,14.3,42,1080,0
110.46,3000,0.51,8.11,16.1,14.3,42,1070,0
110.7,2880,0.51,9.83,8.6,-4.5,43,1010,0
110.94,2720,0.77,9.64,8.6,-4.5,43,980,0
111.19,2640,0.77,9.53,8.6,-4.5,42,960,0
111.42,2600,1.02,12.47,8.2,15.8,42,950,0
111.67,2520,1.53,18.5,12.5,17.3,42,930,0
111.91,2360,1.79,20.75,15.3,15,42,930,0
112.16,2080,1.79,20.28,16.5,12.8,42,960,0
112.39,2120,1.79,21.22,14.5,12.8,42,980,0
112.64,2120,2.04,22.72,16.1,12.8,43,990,0
112.89,2160,1.79,22.94,16.9,12,43,1010,0
113.13,2160,1.79,23.19,16.9,12,43,1020,0
113.38,2200,1.79,20.64,16.9,12,44,1040,0
113.61,2200,1.79,19.06,14.1,12.8,44,1040,0
113.86,2240,1.79,19.19,14.1,12.8,45,1020,0
114.1,2240,1.79,18.53,14.1,12.8,45,1020,0
114.37,2240,1.53,17.03,12.9,13.5,45,1010,0
114.6,2240,1.28,15.78,12.9,13.5,45,1010,0
114.85,2280,1.28,16,12.2,14.3,46,1000,0
115.08,2280,1.28,15.36,12.2,14.3,46,990,0
115.31,2280,1.28,15.42,11.8,14.3,46,990,0
115.57,2280,1.28,15.11,11.8,14.3,46,980,0
115.8,2280,1.28,15.06,11.8,15,46,970,0
116.05,2280,1.28,15.19,11.8,15,46,970,0
116.3,2240,1.28,14.53,11.4,15,46,970,0
116.55,2280,1.28,15.08,11.4,15,46,970,0
116.78,2240,1.28,15.28,11.4,15,46,960,0
117.03,2280,1.28,14.83,11.4,15,46,960,0
117.27,2240,1.28,14.75,11.4,15,46,960,0
117.51,2240,1.28,13.08,11.4,15,46,960,0
117.75,2240,1.28,13.92,10.6,15,46,960,0
118,2240,1.28,13.89,11,15,45,960,0
118.23,2240,1.28,14.44,11,15,45,960,0
118.47,2200,1.28,14.08,11,15,45,950,0
118.72,2200,1.28,15.19,11.4,15,45,950,0
118.95,2200,1.28,15.39,11.8,14.3,45,960,0
119.21,2200,1.28,14.47,11.8,14.3,45,960,0
119.44,2200,1.28,15.61,11.8,14.3,45,960,0
119.71,2200,1.28,16.25,12.2,14.3,45,960,0
119.96,2200,1.28,12.47,11.8,14.3,45,960,0
120.2,2200,0.77,7.81,8.2,15,45,970,0
120.44,2160,0.51,6.64,6.3,16.5,45,960,0
120.69,2160,0.51,6.36,6.3,-3.8,44,950,0
120.92,2120,0.51,6.75,6.3,-4.5,44,940,0
121.17,2120,0.51,6.56,6.3,-4.5,44,930,0
121.42,2080,0,6.86,6.3,-4.5,43,930,0
121.66,2080,0,6.58,6.3,-3,43,930,0
121.91,2040,0,6.67,6.3,-4.5,42,930,0
122.14,2000,0,6.47,5.9,-4.5,42,930,0
122.39,2000,0,6.47,5.9,-5.3,41,930,0
122.63,1960,0,5.89,5.9,-5.3,40,930,0
122.88,1920,0,5.89,5.9,-5.3,40,930,0
123.12,1840,0,6.03,5.5,-6,39,930,0
123.36,1800,0,5.61,5.5,-6.8,38,930,0
123.6,1760,0,5.64,5.5,-7.5,37,930,0
123.84,1680,0,5.31,5.5,-7.5,36,930,0
124.08,1600,0,5.17,5.1,-7.5,35,930,0
124.32,1560,0,5.03,5.1,-7.5,34,930,0
124.56,1480,0,4.72,4.7,-6.8,32,930,0
124.8,1200,0.77,4.31,4.3,-6.8,31,930,0
125.06,1120,0.77,3.61,3.9,12.8,29,930,0
125.3,1040,0.51,3.33,3.5,-6,28,920,0
125.54,960,0.51,2.89,3.1,-1.5,26,920,0
125.78,880,0.51,2.69,2.7,0,24,920,0
126.03,840,0.51,2.67,2.7,0,23,920,0
126.27,800,0.51,2.47,2.7,1.5,20,910,0
126.52,760,0.77,2.58,2.7,3.8,18,910,0
126.75,760,0.77,2.61,2.7,3.8,16,910,0
126.99,760,0.77,2.42,2.7,2.3,14,910,0
127.23,760,0.77,2.58,2.7,2.3,12,910,0
127.47,760,0.77,2.58,2.7,0.8,10,910,0
127.73,760,0.77,2.94,2.7,0.8,8,910,0
127.96,760,0.77,2.69,2.7,-1.5,6,910,0
128.2,760,1.02,2.86,2.7,-1.5,4,910,0
128.44,760,1.02,3.14,3.1,-3.8,3,910,0
128.69,760,1.02,3.06,3.1,-3.8,1,910,0
128.93,760,1.02,3,3.1,-5.3,0,910,0
129.2,760,1.02,2.92,3.1,-5.3,0,910,0
129.45,760,1.02,2.69,3.1,-4.5,0,910,0
129.71,760,1.02,2.78,3.1,-3,0,910,0
129.94,760,1.02,2.89,2.7,-3.8,0,910,0
130.2,760,1.02,2.94,3.1,-3.8,0,910,0
130.44,760,1.02,2.64,3.1,-3.8,0,910,0
130.69,760,1.02,2.72,3.1,-3.8,0,910,0
130.93,760,1.02,2.72,2.7,-3.8,0,910,0
131.16,760,1.28,2.78,2.7,-3,0,910,0
131.41,840,2.81,9.03,2.7,9,0,910,0
131.64,1320,3.06,13.58,16.1,10.5,0,900,0
131.9,2000,2.81,25.36,19.2,14.3,0,900,0
132.13,2160,2.55,28.25,22.7,12,0,930,0
132.37,2040,2.29,25.33,20.4,0.8,0,990,0
132.61,1840,2.55,22.17,18.8,3,2,1020,0
132.86,1840,2.55,22,18.4,6,4,1030,0
133.1,1840,2.29,20.78,18.8,0,6,1050,0
133.34,1880,2.29,19.83,16.9,2.3,7,1060,0
133.58,1840,2.29,17.25,15.3,3.8,9,1050,0
133.81,1600,1.79,13.89,12.9,-4.5,11,1050,0
134.06,1560,1.28,7.5,7.5,-13.5,12,1020,0
134.29,1720,2.04,16,10.6,15,13,970,0
134.55,1840,2.04,20.33,12.5,9,14,960,0
134.78,1920,2.29,24.53,18.8,9.8,15,980,0
135.03,2080,2.29,26.08,20.4,9.8,16,1010,0
135.26,2280,2.29,28.28,20.4,10.5,17,1040,0
135.53,2480,2.29,31.03,20.8,9.8,19,1070,0
135.77,2640,2.29,34.03,21.6,11.3,21,1100,0
136.01,2840,2.55,37.97,21.6,11.3,22,1130,0
136.25,3000,2.29,38.61,22,10.5,24,1150,0
136.48,3200,2.55,41.17,22.4,11.3,25,1150,0
136.73,3320,1.02,15.42,23.5,11.3,27,1140,0
136.97,3240,0.51,9.03,11,-6,29,1070,0
137.22,3040,0.77,10.78,9.4,-3,29,1010,0
137.45,2960,0.77,10.39,9.4,-3.8,29,980,0
137.7,2840,1.02,13.67,9.4,10.5,29,960,0
137.95,2600,2.04,25.39,14.5,17.3,29,930,0
138.22,2400,1.79,24.22,18,12.8,30,950,0
138.45,2320,2.04,27.33,18.4,12,31,1000,0
138.7,2400,2.29,32.31,20.8,11.3,32,1030,0
138.94,2480,2.55,36.89,23.5,10.5,33,1060,0
139.18,2560,2.81,40.94,25.1,9.8,34,1110,0
139.42,2680,2.55,41.22,26.7,9.8,36,1150,0
139.66,2800,2.81,41.03,27.1,9.8,37,1140,0
139.91,2880,2.81,47.36,29,9.8,39,1140,0
140.15,3000,2.81,47.72,30.6,9.8,40,1140,0
140.4,3120,2.81,49.81,32.5,10.5,42,1140,0
140.64,3240,2.81,51,32.9,10.5,43,1140,0
140.89,3360,2.81,53.44,33.7,10.5,45,1130,0
141.12,3400,1.02,19.97,26.7,6.8,47,1130,0
141.39,3280,0.51,9.31,10.6,-6.8,48,1090,0
141.63,3160,0.77,11.06,9.8,-3.8,48,1010,0
141.86,3040,0.77,11.31,9.8,-3.8,48,980,0
142.11,2800,1.28,16.83,10.2,18,48,960,0
142.35,2480,2.29,27.08,16.9,15.8,49,940,0
142.6,2480,2.29,36.81,20.4,11.3,49,950,0
142.83,2520,2.55,41,25.9,10.5,50,1030,0
143.09,2560,2.81,42.44,28.6,9.8,50,1120,0
143.33,2640,2.81,42.47,28.6,12,51,1160,0
143.58,2680,2.81,42.78,28.2,16.5,52,1160,0
143.82,2720,2.81,43.47,29,20.3,54,1150,0
144.07,2800,2.81,44.86,29.8,21.8,54,1150,0
144.3,2840,2.81,46.75,30.6,21.8,56,1150,0
144.53,2880,2.81,47.11,31.4,22.5,57,1150,0
144.79,2960,3.06,50.19,32.2,22.5,58,1150,0
145.03,3000,2.81,50.5,32.9,21.8,59,1150,0
145.28,3080,2.81,50.69,33.7,23.3,60,1150,0
145.52,3120,3.06,51.72,34.5,23.3,61,1150,0
145.76,3160,3.06,53.06,35.3,23.3,62,1150,0
146,3200,3.06,55.11,35.7,23.3,63,1150,0
146.27,3240,1.79,28.5,37.3,23.3,64,1150,0
146.5,3080,0.51,6.83,13.7,-5.3,65,1130,0
146.75,2920,0.51,9.11,8.6,-3,65,1050,0
146.98,2800,0.77,9.58,8.6,-4.5,65,1000,0
147.24,2800,1.53,19.72,11.4,18.8,65,960,0
147.47,2480,1.79,26.33,14.5,15,65,970,0
147.71,2400,2.04,33.56,18.4,11.3,65,1000,0
147.96,2440,2.55,38,25.5,10.5,65,1040,0
148.2,2440,2.81,41.22,28.2,9,66,1110,0
148.46,2480,2.81,40.11,27.8,9,66,1160,0
148.69,2480,2.81,39.75,27.5,9,67,1160,0
148.95,2520,2.81,39.97,28.6,9.8,67,1150,0
149.19,2560,2.81,40.22,31,9.8,68,1140,0
149.45,2600,3.06,42.22,31.8,9.8,69,1140,0
149.69,2640,3.06,42.67,32.9,9.8,70,1150,0
149.94,2640,2.81,44.11,33.7,9.8,71,1160,0
150.17,2680,3.06,45.08,34.5,9.8,71,1170,0
150.42,2720,3.06,46.58,34.9,9.8,72,1180,0
150.66,2720,3.06,45.67,35.3,9.8,73,1180,0
150.91,2760,3.06,47.92,36.5,9.8,74,1180,0
151.16,2800,3.06,46.22,36.1,9.8,74,1190,0
151.39,2800,2.04,27.19,36.1,9.8,75,1200,0
151.64,2720,0.51,7.56,13.3,9,76,1130,0
151.87,2640,0.51,7.44,7.5,-4.5,76,1050,0
152.13,2560,0.51,8.72,7.8,-4.5,76,1000,0
152.38,2480,1.02,12.83,8.2,3,75,970,0
152.63,2320,2.04,21.06,13.7,15.8,75,940,0
152.86,2200,2.29,29.67,16.5,12,75,950,0
153.11,2200,2.29,33.67,23.1,9.8,75,990,0
153.35,2200,2.55,35.89,31,8.3,75,1050,0
153.59,2200,2.81,37.94,32.2,8.3,76,1120,0
153.83,2240,3.06,39.67,32.2,8.3,76,1190,0
154.06,2240,3.06,40.72,32.2,9,76,1250,0
154.31,2280,3.31,41.28,31.8,9,77,1290,0
154.54,2280,3.31,44.08,31.4,8.3,78,1320,0
154.8,2320,3.31,43.47,30.6,8.3,79,1340,0
155.03,2360,3.31,44.86,31.4,7.5,79,1360,0
155.28,2360,3.31,45.25,31.8,7.5,80,1380,0
155.52,2400,3.31,47.03,31,7.5,81,1400,0
155.76,2400,3.31,47.67,31,7.5,82,1410,0
156,2440,3.31,45.08,30.2,7.5,83,1400,0
156.26,2440,3.31,43.97,31,5.3,83,1360,0
156.49,2480,3.06,42.61,31,7.5,84,1310,0
156.73,2480,3.31,42.44,31.8,7.5,85,1270,0
156.98,2520,3.06,43.64,34.1,7.5,86,1220,0
157.24,2560,3.06,42.56,31.8,13.5,87,1200,0
157.48,2560,3.06,40.97,30.6,15.8,87,1170,0
157.72,2600,3.06,41.11,30.2,16.5,88,1160,0
157.97,2600,3.06,43.75,29.8,15.8,89,1160,0
158.2,2640,2.81,40.83,28.6,15.8,89,1160,0
158.46,2640,2.29,30,26.7,16.5,90,1170,0
158.69,2640,2.04,27.83,18.8,17.3,90,1150,0
158.94,2640,1.02,13.31,16.5,14.3,91,1090,0
159.17,2680,1.02,13.89,11,17.3,91,1040,0
159.42,2640,0.77,9.89,10.6,17.3,91,1010,0
159.66,2640,0.77,9.75,8.2,12,92,980,0
159.89,2680,0.77,10.36,8.6,-2.3,91,960,0
160.14,2640,0.77,10.75,8.6,-4.5,91,950,0
160.38,2640,0.77,10.47,8.6,-4.5,91,950,0
160.63,2680,0.51,11.17,9,16.5,91,940,0
160.86,2640,0,10.64,9,-2.3,91,940,0
161.11,2640,0,10.64,9,-4.5,91,940,0
161.36,2640,0,10.53,8.6,-4.5,91,950,0
161.61,2640,0,9.89,8.2,-4.5,91,950,0
161.85,2600,0,9.56,8.2,-4.5,91,950,0
162.11,2640,0,9.5,8.2,-4.5,90,950,0
162.35,2600,0,9.25,7.8,-4.5,90,950,0
162.61,2600,0,9.14,7.8,-4.5,90,950,0
162.85,2600,0,9.39,7.8,-4.5,90,950,0
163.09,2560,0,9.06,7.8,-4.5,89,950,0
163.33,2560,0,8.89,7.8,-4.5,89,950,0
163.57,2560,0,8.94,7.5,-4.5,88,950,0
163.81,2560,0,8.81,7.5,-4.5,88,950,0
164.05,2520,0,8.89,7.5,-4.5,88,950,0
164.3,2520,0,8.44,7.5,-4.5,87,950,0
164.53,2520,0,8.78,7.5,-4.5,87,950,0
164.79,2480,0,8.25,7.5,-4.5,87,950,0
165.02,2480,0,8.58,7.5,-4.5,86,950,0
165.27,2480,0,8.5,7.5,-4.5,86,950,0
165.5,2480,0,8.69,7.5,-5.3,86,950,0
165.75,2440,0,8.86,7.5,-5.3,85,950,0
165.98,2440,0,8.44,7.5,-5.3,85,950,0
166.22,2440,0,8.28,7.1,-5.3,85,950,0
166.47,2440,0,8.36,7.1,-5.3,84,950,0
166.7,2400,0,8.06,7.1,-5.3,84,950,0
166.96,2400,0,8.06,7.1,-5.3,84,950,0
167.19,2400,0,8.11,7.1,-5.3,83,940,0
167.46,2400,0,8.39,7.1,-5.3,83,940,0
167.69,2400,0,7.78,7.1,-5.3,82,940,0
167.94,2360,0,7.78,7.1,-5.3,82,940,0
168.17,2360,0,7.92,7.1,-5.3,82,940,0
168.43,2360,0,7.97,7.1,-5.3,81,940,0
168.66,2320,0,7.97,7.1,-5.3,81,940,0
168.89,2320,0,7.78,7.1,-5.3,81,940,0
169.14,2280,0,7.67,6.7,-5.3,80,940,0
169.38,2240,0,7.42,6.7,-5.3,79,940,0
169.64,2160,0,7.08,6.7,-5.3,78,940,0
169.88,2120,0,6.81,6.3,-5.3,76,940,0
170.13,2040,0,6.86,6.3,-5.3,74,940,0
170.38,1960,0,6.19,5.9,-5.3,72,940,0
170.63,1840,0,5.89,5.5,-5.3,69,940,0
170.86,1800,0,5.75,5.5,-6.8,66,940,0
171.11,1800,0,5.67,5.1,-6.8,64,940,0
171.34,1800,0,5.56,5.1,-7.5,63,940,0
171.59,1840,1.28,11.69,5.1,-6.8,62,940,0
171.83,1800,2.81,20.89,11.8,18.8,62,920,0
172.07,1800,3.06,25.72,20.8,18,62,930,0
172.32,1840,3.06,28.97,25.1,19.5,62,980,0
172.55,1840,3.06,30.14,28.6,18.8,62,1020,0
172.81,1880,3.31,31.75,29.8,17.3,63,1090,0
173.05,1880,3.06,33.89,30.6,18,64,1140,0
173.3,1920,3.06,34.58,31.8,15,65,1180,0
173.53,1920,3.31,35.81,31.8,14.3,65,1230,0
173.78,1960,3.31,38.19,31,15.8,66,1260,0
174.02,1960,3.31,39.94,37.6,15,67,1300,0
174.26,1960,3.31,39.39,33.3,14.3,67,1330,0
174.52,2000,3.57,38.42,31.8,13.5,68,1350,0
174.77,2000,3.31,39.67,28.6,14.3,68,1360,0
175,2040,3.31,39.56,28.6,15.8,69,1370,0
175.24,2040,3.57,40.25,27.8,15.8,69,1380,0
175.49,2040,3.57,41.08,27.8,12,70,1390,0
175.72,2080,3.31,41.25,27.1,12,70,1400,0
175.97,2080,3.57,41.14,27.5,13.5,71,1410,0
176.2,2120,3.31,39.92,25.9,14.3,71,1410,0
176.45,2080,3.31,41.33,26.7,12.8,72,1410,0
176.69,2120,3.31,41.22,25.9,15,72,1410,0
176.94,2120,3.31,39.81,26.7,12.8,73,1410,0
177.17,2160,3.31,36.89,25.1,15.8,73,1380,0
177.44,2160,3.06,37.83,26.3,14.3,74,1310,0
177.68,2160,3.06,37.44,28.2,18,74,1270,0
177.92,2200,3.06,39.31,29.4,18,75,1250,0
178.19,2240,3.06,39.78,30.6,15.8,76,1250,0
178.42,2240,3.31,41.17,30.2,19.5,76,1260,0
178.67,2280,3.06,40.47,31,15,77,1260,0
178.91,2280,3.06,35.19,28.2,15.8,77,1240,0
179.16,2280,2.04,22.25,25.5,13.5,78,1120,0
179.39,2280,1.02,11.39,11.8,26.3,79,1090,0
179.64,2280,0.51,7.03,8.2,33,79,1040,0
179.89,2240,0.51,7.42,7.1,13.5,79,990,0
180.14,2280,0.51,7.81,7.1,-3,79,970,0
180.38,2240,0.51,7.89,7.1,-4.5,78,950,0
180.63,2240,0,8.5,7.5,-5.3,78,940,0
180.88,2240,0.51,8.56,7.5,4.5,78,930,0
181.13,2240,0,8.44,7.5,-5.3,77,930,0
181.36,2200,0,8.47,7.5,-5.3,77,930,0
181.6,2200,0,8.5,7.5,-5.3,77,940,0
181.85,2200,0,8.03,7.1,-5.3,76,940,0
182.08,2200,0,7.69,7.1,-5.3,76,940,0
182.33,2200,0,7.86,6.7,-5.3,76,940,0
182.57,2200,0,7.42,6.7,-5.3,76,940,0
182.81,2200,0,7.61,6.7,-5.3,75,940,0
183.05,2160,0,7.11,6.7,-5.3,75,940,0
183.3,2160,0,7.22,6.3,-5.3,75,940,0
183.53,2160,0,6.83,6.3,-5.3,75,940,0
183.79,2160,0,7.11,6.3,-5.3,75,940,0
184.02,2160,0,7,6.3,-5.3,75,940,0
184.25,2160,0,7.14,6.3,-5.3,74,940,0
184.51,2120,0,7.31,6.3,-5.3,74,940,0
184.74,2120,0,7,6.3,-5.3,74,940,0
184.99,2120,0,6.89,6.3,-5.3,73,940,0
185.23,2120,0,6.81,6.3,-5.3,73,940,0
185.49,2120,0,6.75,6.3,-4.5,73,940,0
185.72,2120,0,6.75,6.3,-4.5,73,940,0
185.97,2080,0,6.83,6.3,-5.3,72,940,0
186.21,2080,0,6.83,6.3,-5.3,72,940,0
186.47,2080,0,6.5,5.9,-4.5,72,940,0
186.71,2040,0,6.64,5.9,-4.5,71,940,0
186.94,2000,0,6.36,5.9,-4.5,71,940,0
187.19,1960,0,6.17,5.9,-5.3,70,940,0
187.42,1920,0,6.36,5.5,-5.3,68,940,0
187.67,1840,0,5.56,5.5,-6,67,940,0
187.91,1840,0,5.67,5.5,-6.8,65,940,0
188.16,1760,0,5.75,5.5,-6.8,64,940,0
188.39,1720,0,5.44,5.1,-7.5,62,940,0
188.66,1680,0,5.44,5.1,-7.5,61,940,0
188.9,1640,0,5.28,4.7,-7.5,59,940,0
189.16,1560,0,5,4.7,-7.5,57,940,0
189.4,1520,0,4.81,4.7,-6.8,55,940,0
189.66,1480,0,4.69,4.3,-6.8,54,930,0
189.9,1480,0,4.64,4.3,-6.8,52,930,0
190.14,1440,0,4.58,4.3,-6.8,51,930,0
190.39,1400,0,4.56,4.3,-6.8,50,930,0
190.63,1400,0,4.39,4.3,-6.8,49,930,0
190.88,1360,0,4.14,4.3,-8.3,48,930,0
191.11,1360,0,4.06,3.9,-8.3,48,930,0
191.36,1280,0,4.25,3.9,-8.3,46,930,0
191.6,1240,0,3.81,3.9,-8.3,45,930,0
191.85,1000,0.77,3.56,3.9,-8.3,43,930,0
192.08,960,0.77,3.14,3.1,15.8,41,920,0
192.33,880,0.77,2.64,2.7,-9,39,920,0
192.56,840,0.51,2.44,2.7,-3.8,38,920,0
192.8,800,0.77,2.44,2.4,-0.8,36,920,0
193.05,760,0.77,2.25,2.4,1.5,34,920,0
193.28,760,0.77,2.22,2.4,3.8,33,920,0
193.53,720,0.77,2.39,2.4,4.5,32,910,0
193.77,760,0.77,2.69,2.4,3,31,910,0
194.03,760,0.77,2.36,2.7,-0.8,29,910,0
194.27,760,0.77,2.53,2.4,-0.8,27,910,0
194.52,760,0.77,2.47,2.4,-0.8,26,910,0
194.75,760,0.77,2.56,2.4,-0.8,24,910,0
195.01,720,0.77,2.53,2.4,-1.5,22,910,0
195.25,720,0.77,2.58,2.4,0,20,910,0
195.5,720,0.77,2.44,2.4,1.5,18,910,0
195.73,720,0.77,2.36,2.4,3,17,910,0
195.97,720,0.77,2.58,2.4,1.5,15,910,0
196.22,720,1.02,2.56,2.7,0.8,13,910,0
196.47,760,0.77,2.44,2.4,0,11,910,0
196.72,760,0.77,2.39,2.4,0.8,9,910,0
196.95,760,0.77,2.47,2.4,0.8,8,910,0
197.21,760,1.02,2.33,2.4,0.8,6,910,0
197.44,720,1.02,2.47,2.4,0.8,5,910,0
197.7,720,1.02,3.11,2.7,0.8,4,910,0
197.94,760,1.02,3.06,3.1,-1.5,3,910,0
198.2,760,1.02,3.06,3.1,-9.8,2,910,0
198.44,760,1.02,2.69,3.1,-9.8,1,910,0
198.69,720,1.02,2.39,2.4,-5.3,0,910,0
198.92,720,1.02,2.72,2.7,-2.3,0,910,0
199.16,720,1.02,2.72,2.7,-3,0,910,0
199.42,720,1.02,2.81,2.7,-3.8,0,910,0
199.66,720,1.02,2.58,2.7,-2.3,0,910,0
199.92,720,1.02,2.72,2.7,-3.8,0,910,0
200.17,720,1.02,2.72,2.7,-2.3,0,910,0
200.43,720,1.02,2.67,2.7,-3,0,910,0
200.66,760,1.02,2.61,2.7,-3,0,910,0
200.91,720,1.02,2.44,2.7,-3,0,910,0
201.15,760,1.02,2.89,2.7,-3,0,910,0
201.4,760,1.02,2.78,2.7,-4.5,0,910,0
201.63,760,1.02,2.92,2.7,-4.5,0,910,0
201.88,720,1.02,2.78,2.7,-4.5,0,910,0
202.11,760,1.02,2.56,2.7,-3.8,0,910,0
202.35,760,1.02,2.58,2.7,-3,0,910,0
202.6,720,1.02,2.53,2.7,-3.8,0,910,0
202.83,760,1.02,2.58,2.7,-2.3,0,910,0
203.08,760,1.02,2.75,2.7,-3,0,910,0
203.32,720,1.02,2.69,2.7,-3,0,910,0
203.57,760,1.02,2.75,2.7,-3.8,0,910,0
203.8,760,0.77,2.67,2.7,-4.5,0,910,0
204.05,760,0.77,2.58,2.7,-4.5,0,910,0
204.29,760,0.77,2.61,2.7,-3.8,0,910,0
204.54,760,0.77,2.61,2.7,-3.8,0,910,0
204.78,760,1.02,2.86,2.7,-4.5,0,910,0
205.02,720,1.02,3.03,2.7,-5.3,0,910,0
205.27,720,1.02,2.61,2.7,-6.8,0,910,0
205.5,720,0.77,2.36,2.7,-4.5,0,910,0
205.75,720,1.02,2.78,2.7,-2.3,0,910,0
205.98,720,1.02,2.61,2.7,-2.3,0,910,0
206.23,720,1.02,2.69,2.7,-3.8,0,910,0
206.47,720,0.77,2.5,2.7,-4.5,0,910,0
206.72,760,0.77,2.78,2.7,-2.3,0,910,0
206.95,760,0.77,2.58,2.7,-3.8,0,910,0
207.21,720,0.77,2.67,2.7,-3.8,0,910,0
207.44,720,0.77,2.64,2.7,-3.8,0,910,0
207.67,720,0.77,2.72,2.7,-3,0,910,0
207.92,760,1.28,2.72,2.7,-3.8,0,910,0
208.16,840,3.06,14.69,3.1,9,0,900,0
208.41,1440,2.81,15.94,16.5,9.8,1,900,0
208.64,1720,2.29,19.44,15.3,14.3,2,910,0
208.9,1640,2.29,18.08,15.3,20.3,3,940,0
209.14,1560,2.29,17.08,15.3,24.8,5,960,0
209.4,1520,2.55,15.89,14.9,23.3,8,970,0
209.63,1680,2.29,17.19,14.9,15,10,980,0
209.88,1840,2.04,18.39,13.7,15,13,990,0
210.15,2120,1.79,20.86,13.7,20.3,15,1000,0
210.41,2360,1.79,23.11,14.9,30.8,17,1010,0
210.64,2480,1.79,22.42,15.3,28.5,19,1030,0
210.88,2640,1.53,25.94,13.3,28.5,21,1040,0
211.13,2800,1.79,26.89,16.9,15.8,22,1050,0
211.36,3000,2.04,35.03,16.9,28.5,23,1060,0
211.61,3240,2.04,41.61,20.4,25.5,25,1130,0
211.84,3440,2.04,38.89,20.4,26.3,27,1190,0
212.1,3680,1.28,19.19,20,27.8,29,1190,0
212.33,3440,0,10.72,13.3,31.5,31,1090,0
212.58,3160,0,11.75,10.2,-3.8,32,1020,0
212.81,2840,0.77,10.81,9.8,-3.8,33,990,0
213.06,2680,0.77,10.25,9.4,-4.5,34,980,0
213.3,2480,1.28,15.89,8.6,18.8,34,950,0
213.53,2600,2.29,26.25,15.3,20.3,35,930,0
213.78,2720,2.55,39.86,18.8,19.5,36,950,0
214.02,2840,2.81,43.81,24.3,21.8,37,1030,0
214.27,3000,2.55,45.94,26.3,22.5,39,1150,0
214.5,3120,2.55,45.31,24.7,22.5,41,1190,0
214.75,3280,2.55,48.06,24.7,23.3,43,1180,0
214.99,3440,2.55,51.53,26.3,24,45,1170,0
215.25,3600,2.55,55.19,28.6,24,47,1170,0
215.49,3760,2.55,56.94,29.8,24,50,1180,0
215.74,3920,2.04,45.33,30.2,24.8,52,1180,0
215.99,3840,0,11,16.5,27.8,54,1140,0
216.22,3560,0,13.19,10.6,-3,55,1050,0
216.47,3200,0.51,12.81,10.6,-3.8,56,1000,0
216.71,3000,0.77,12.11,10.2,-3.8,57,990,0
216.95,2920,1.79,25.11,10.6,18.8,58,960,0
217.18,2960,2.04,32.25,20,19.5,58,960,0
217.44,3040,2.55,42.28,20.4,24,59,1000,0
217.68,3120,2.55,42,23.1,23.3,61,1130,0
217.93,3200,2.04,31.83,21.6,24.8,62,1200,0
218.16,3280,2.04,32.75,18.4,27,64,1170,0
218.41,3320,1.79,34.28,18.8,27.8,65,1140,0
218.64,3400,1.79,36.25,19.2,27.8,66,1130,0
218.88,3440,1.79,35.36,19.6,28.5,68,1130,0
219.13,3520,1.79,35.86,19.6,29.3,69,1140,0
219.36,3560,1.79,34.58,19.2,29.3,70,1140,0
219.61,3560,0,9.44,11.8,30.8,72,1100,0
219.85,3280,0,12.89,10.6,-3,72,1020,0
220.1,2960,0,11.56,10.2,-3.8,73,990,0
220.33,2680,0.77,10.83,9.4,-4.5,74,970,0
220.6,2800,0.77,10.53,8.6,-3,74,960,0
220.85,2760,0.77,11.11,9,3.8,75,950,0
221.1,2800,0.77,11.08,9,7.5,75,950,0
221.35,2840,0.77,11.72,9.8,19.5,76,940,0
221.6,2840,1.02,11.22,9.8,20.3,76,940,0
221.83,2840,1.02,13.22,9.4,17.3,77,940,0
222.06,2840,0.77,11.14,9.4,13.5,77,950,0
222.31,2880,0.77,10.81,9,9,78,950,0
222.55,2880,0.77,10.81,9,9.8,78,950,0
222.8,2920,0.51,10.36,9,9,78,950,0
223.04,2920,0.77,10.94,8.6,9.8,79,950,0
223.28,2920,0.77,10.47,9,9,79,950,0
223.52,2920,0.51,10.42,8.6,9,79,950,0
223.77,2920,0.77,10.33,8.6,9,79,950,0
224,2920,0.77,10.56,8.6,9.8,79,950,0
224.25,2920,0.77,10.44,8.6,9,79,950,0
224.49,2920,0.77,10.33,8.6,9.8,80,950,0
224.72,2920,0.77,10.69,8.6,9.8,80,950,0
224.97,2960,0.77,10.53,8.6,1.5,80,950,0
225.2,2920,0.77,10.64,8.6,-3,80,950,0
225.46,2920,0,10.5,8.6,-4.5,80,950,0
225.69,2920,0.77,10.53,8.6,-4.5,80,950,0
225.96,2920,0.77,10.25,8.6,-4.5,80,960,0
226.19,2960,0.77,10.39,8.6,-4.5,80,960,0
226.44,2960,0.77,10.47,8.6,-1.5,80,950,0
226.67,2920,0.77,10.5,8.6,-1.5,80,950,0
226.92,2960,0.77,10.25,8.6,-1.5,80,950,0
227.16,2960,0.77,10.36,8.6,-1.5,80,950,0
227.41,2960,0.77,10.36,8.6,-1.5,80,950,0
227.65,2960,0.77,10.31,8.6,-1.5,80,950,0
227.89,2960,0.77,10.19,8.6,-1.5,80,950,0
228.14,2960,0.77,10.5,8.6,-1.5,80,950,0
228.37,2960,0.51,10.5,8.6,-1.5,80,950,0
228.63,2960,0.51,10.47,8.6,-1.5,80,950,0
228.86,2960,0.51,10.33,8.6,-1.5,80,950,0
229.12,2960,0.51,10.39,8.6,-1.5,80,950,0
229.35,2960,0,10.25,8.6,-1.5,80,950,0
229.61,2960,0,10.53,8.6,-1.5,80,950,0
229.85,2960,0,10.39,8.6,-1.5,80,950,0
230.1,2960,0,10.56,8.6,-1.5,80,950,0
230.34,2920,0,10.22,8.6,-1.5,80,950,0
230.61,2960,0,10.39,8.6,-4.5,80,950,0
230.85,2920,0,10.06,8.6,-4.5,80,950,0
231.09,2920,0,10.22,8.6,-3.8,80,950,0
231.36,2920,0,10.19,8.6,-4.5,80,950,0
231.6,2920,0,10.36,8.6,-4.5,79,950,0
231.84,2920,0,10.14,8.6,-4.5,79,950,0
232.08,2880,0,9.97,8.6,-4.5,79,950,0
232.33,2880,0,10.11,8.6,-4.5,79,950,0
232.58,2880,0,10.5,8.6,-4.5,79,950,0
232.83,2880,0,9.89,8.6,-4.5,79,950,0
233.06,2880,0,9.97,8.6,-4.5,78,950,0
233.31,2880,0,10.17,8.6,-4.5,78,950,0
233.55,2840,0,9.89,8.6,-4.5,78,950,0
233.82,2840,0,10.22,8.2,-4.5,78,960,0
234.05,2840,0,9.86,8.2,-4.5,77,960,0
234.3,2840,0,9.81,8.2,-4.5,77,960,0
234.53,2800,0,9.72,8.2,-4.5,77,960,0
234.77,2840,0,10.03,8.2,-4.5,77,960,0
235.02,2840,0,9.83,8.2,-4.5,77,960,0
235.25,2800,0,9.42,8.2,-4.5,77,960,0
235.5,2800,0,9.53,8.2,-4.5,76,960,0
235.74,2800,0,10.08,8.2,-3.8,76,960,0
235.98,2800,0,9.78,8.2,-4.5,76,960,0
236.22,2760,0,9.75,8.2,-4.5,76,960,0
236.48,2760,0,9.42,8.2,-4.5,76,960,0
236.72,2800,0,9.69,8.2,-3.8,76,960,0
236.97,2760,0,9.69,8.2,-3.8,76,960,0
237.2,2760,0,9.36,8.2,-4.5,75,960,0
237.46,2760,0,9.53,8.2,-4.5,75,960,0
237.68,2760,0,9.58,8.2,-4.5,75,960,0
237.92,2760,0,9.81,8.2,-4.5,75,960,0
238.17,2760,0,9.67,8.2,-4.5,75,960,0
238.41,2760,0,9.67,8.2,-4.5,75,960,0
238.67,2760,0,9.33,7.8,-4.5,75,960,0
238.91,2720,0,9.67,7.8,-3.8,74,960,0
239.16,2720,0,9.39,7.8,-4.5,74,960,0
239.39,2720,0,9.28,7.8,-4.5,74,960,0
239.65,2720,0,9.42,7.8,-4.5,74,960,0
239.88,2720,0,9.47,7.8,-4.5,74,960,0
240.13,2680,0,9.39,7.8,-4.5,74,960,0
240.36,2720,0,9.36,7.8,-4.5,74,960,0
240.61,2680,0,9.44,7.8,-4.5,73,960,0
240.85,2680,0,9.33,7.8,-4.5,73,960,0
241.08,2680,0,9.03,7.8,-4.5,73,960,0
241.33,2680,0,9.08,7.8,-4.5,73,960,0
241.57,2640,0,9.22,7.8,-4.5,72,960,0
241.83,2640,0,9.11,7.8,-4.5,72,960,0
242.06,2640,0,9,7.8,-4.5,72,960,0
242.33,2600,0,8.92,7.8,-4.5,71,960,0
242.57,2600,0,8.97,7.8,-4.5,71,960,0
242.82,2600,0,8.58,7.8,-4.5,71,960,0
243.04,2560,0,8.81,7.5,-4.5,70,960,0
243.29,2560,0,8.75,7.5,-4.5,70,960,0
243.53,2520,0,8.75,7.5,-4.5,70,960,0
243.78,2520,0,8.78,7.5,-4.5,69,960,0
244.02,2520,0,8.58,7.5,-4.5,69,960,0
244.25,2480,0,8.31,7.5,-4.5,68,950,0
244.5,2480,0,8.44,7.5,-4.5,68,950,0
244.73,2480,0,8.17,7.5,-5.3,68,950,0
244.99,2440,0,8.33,7.5,-5.3,67,950,0
245.22,2440,0,8.61,7.5,-5.3,67,950,0
245.47,2440,0,8.36,7.1,-5.3,66,950,0
245.7,2400,0,8.08,7.1,-5.3,66,950,0
245.97,2400,0,7.94,7.1,-5.3,66,950,0
246.2,2360,0,8.03,7.1,-5.3,65,950,0
246.47,2360,0,7.72,7.1,-5.3,65,950,0
246.7,2360,0,7.86,7.1,-5.3,64,950,0
246.97,2320,0,7.28,6.7,-5.3,64,950,0
247.2,2320,0,7.58,7.1,-4.5,64,950,0
247.44,2320,0,7.81,7.1,-5.3,63,950,0
247.69,2280,0,7.72,7.1,-5.3,63,950,0
247.92,2280,0,7.28,6.7,-5.3,63,950,0
248.17,2240,0,7.33,6.7,-5.3,62,950,0
248.41,2240,0,7.44,6.7,-5.3,62,950,0
248.67,2240,0,7.14,6.7,-5.3,61,950,0
248.91,2240,0,7.08,6.7,-5.3,61,950,0
249.16,2200,0,7.25,6.7,-5.3,61,940,0
249.41,2200,0,7.06,6.7,-5.3,60,940,0
249.65,2160,0,7.17,6.7,-5.3,60,940,0
249.89,2160,0,6.97,6.3,-5.3,59,940,0
250.13,2160,0,7.28,6.3,-5.3,59,940,0
250.38,2120,0,7.17,6.3,-5.3,58,940,0
250.61,2120,0,6.67,6.3,-5.3,58,940,0
250.86,2080,0,6.75,6.3,-4.5,58,940,0
251.1,2080,0,6.69,6.3,-5.3,57,940,0
251.36,2040,0,6.69,6.3,-4.5,57,940,0
251.6,2040,0,6.58,5.9,-5.3,56,940,0
251.88,2040,0.77,5.94,5.9,-4.5,56,950,0
252.11,2000,0.77,6.08,5.9,-2.3,55,940,0
252.38,2040,0.77,7.86,6.3,7.5,55,940,0
252.61,2000,1.28,11.81,7.5,16.5,55,930,0
252.86,2000,1.53,14.31,10.6,16.5,55,930,0
253.1,2040,1.79,17.56,12.5,22.5,55,930,0
253.35,2040,2.04,19.31,14.5,24.8,55,950,0
253.58,2040,2.04,19.78,14.9,28.5,55,970,0
253.83,2040,2.04,19.42,14.9,30,55,990,0
254.07,2080,1.79,19.83,14.5,30,56,1000,0
254.3,2080,1.79,20.89,14.9,30.8,56,1010,0
254.55,2120,1.79,21.19,14.9,30,56,1020,0
254.78,2120,1.79,21.61,15.3,29.3,57,1030,0
255.03,2120,1.79,21.94,15.3,30,57,1040,0
255.27,2160,2.04,22.5,15.3,30,58,1050,0
255.52,2160,2.04,23.06,15.7,30,58,1060,0
255.75,2200,1.79,22.61,15.7,30,58,1060,0
256,2200,1.79,20.17,14.9,30,59,1070,0
256.24,2200,1.79,19.86,13.7,30.8,59,1060,0
256.48,2240,1.79,20.86,13.7,30.8,60,1050,0
256.72,2240,1.79,20.5,14.5,30.8,60,1050,0
256.95,2240,1.79,21.72,14.5,30,61,1050,0
257.2,2280,1.79,21.64,14.9,30,61,1050,0
257.44,2280,1.79,22.56,14.9,29.3,62,1050,0
257.69,2320,1.79,23.03,15.3,29.3,62,1060,0
257.93,2320,1.79,22.69,15.3,28.5,62,1060,0
258.17,2360,1.79,22.89,15.3,28.5,63,1060,0
258.4,2360,1.79,22.36,15.3,28.5,63,1070,0
258.66,2360,1.79,21.78,14.9,28.5,64,1070,0
258.89,2400,1.79,22.17,14.9,28.5,64,1070,0
259.15,2400,1.79,25,15.7,27.8,65,1070,0
259.39,2440,2.04,26.33,16.5,27,65,1080,0
259.64,2440,1.79,26.86,16.9,26.3,66,1090,0
259.88,2480,2.04,27.92,17.3,25.5,66,1100,0
260.13,2480,2.04,25.5,16.9,25.5,67,1120,0
260.38,2520,1.79,24.25,16.1,26.3,67,1120,0
260.62,2520,1.79,24.33,15.3,27,68,1110,0
260.86,2520,1.79,23.78,15.3,27,68,1100,0
261.1,2560,1.53,21.31,15.7,27,69,1100,0
261.34,2560,1.53,21.47,14.1,28.5,69,1090,0
261.58,2560,1.53,21.58,14.1,28.5,69,1070,0
261.83,2600,1.53,21.86,14.5,28.5,70,1070,0
262.07,2600,1.53,22.53,14.9,28.5,70,1060,0
262.32,2600,1.53,22.28,14.9,28.5,70,1060,0
262.55,2600,1.53,22.06,14.9,28.5,70,1070,0
262.78,2600,1.53,21.22,14.5,29.3,71,1060,0
263.05,2640,1.28,19.92,13.7,29.3,71,1060,0
263.28,2640,1.28,19.14,13.7,30,71,1060,0
263.55,2520,0.51,7.83,8.2,36,71,1040,0
263.78,2320,0.77,8.11,7.5,-6,71,1020,0
264.03,2160,0.77,7.42,7.5,-5.3,71,1000,0
264.27,2040,0.77,7.08,6.7,-5.3,71,990,0
264.51,2080,0.77,7.25,6.3,11.3,71,970,0
264.75,2040,1.02,11.61,6.7,16.5,71,960,0
265,2040,1.28,12.97,10.6,15,70,950,0
265.23,2040,1.28,12.81,10.2,15,70,960,0
265.47,2040,1.28,13.39,11,18,70,960,0
265.72,2040,1.28,13.78,10.6,24.8,70,960,0
265.96,2040,1.28,12.97,10.6,30,70,960,0
266.2,2040,1.02,10.25,10.2,32.3,71,970,0
266.43,2040,1.02,10.69,8.6,33,70,960,0
266.69,2040,1.02,8.42,9,33.8,70,960,0
266.93,2040,0.77,8.42,7.5,34.5,70,960,0
267.19,2040,0.77,8.14,7.5,33.8,70,950,0
267.42,2040,0.77,8.44,7.5,35.3,70,950,0
267.67,2000,0.77,7.42,7.1,35.3,70,950,0
267.91,2000,0.51,6.31,6.3,33,70,940,0
268.14,2000,0.51,6.89,5.9,27,69,940,0
268.41,2000,0.51,6.72,6.3,18.8,69,940,0
268.64,2000,0.51,6.67,6.3,17.3,69,930,0
268.91,2000,0.51,6.14,5.5,10.5,69,930,0
269.14,2000,0.51,5.78,5.5,12.8,69,930,0
269.39,1960,0.51,6.17,5.9,13.5,68,930,0
269.63,1960,0.77,6.81,5.9,15.8,68,930,0
269.88,1960,0.77,7.92,7.1,15.8,68,930,0
270.11,1960,0.77,8.61,7.5,15.8,68,930,0
270.36,1960,1.02,10.14,8.2,15.8,68,930,0
270.6,1960,1.02,9.61,8.6,15,67,930,0
270.86,1960,1.02,9.64,8.2,15,67,930,0
271.1,1960,1.02,9.83,8.2,15,67,930,0
271.37,1960,1.02,9.61,8.2,15,67,930,0
271.61,1960,1.02,9.78,8.2,15,67,930,0
271.85,1960,1.02,9.58,8.2,15,67,930,0
272.1,1920,1.28,12.67,8.6,15,67,930,0
272.33,1960,1.53,15.25,11.4,17.3,67,930,0
272.58,1920,1.53,16.25,12.5,24,67,940,0
272.82,1960,1.79,17.17,12.5,28.5,67,960,0
273.07,1960,1.79,18.75,13.3,30.8,67,970,0
273.3,1960,1.79,20.33,14.9,30,67,980,0
273.56,1960,1.79,21.11,14.9,30,67,1000,0
273.8,1960,1.79,20.33,14.9,30,68,1010,0
274.05,2000,1.79,20.5,14.9,29.3,68,1030,0
274.28,2000,1.79,20.56,14.9,29.3,68,1030,0
274.54,2000,2.04,20.86,14.9,30,68,1040,0
274.77,2000,1.79,20.36,14.9,30,69,1050,0
275,2000,1.79,20.53,14.9,30,69,1050,0
275.26,2000,2.04,21,14.9,30,69,1050,0
275.49,2040,1.79,20.69,14.9,30,69,1060,0
275.74,2040,1.79,20.94,14.9,30,70,1060,0
275.97,2040,1.79,20.72,14.9,30,70,1060,0
276.22,2040,2.04,21.56,14.9,30,70,1060,0
276.45,2040,1.79,19.81,14.9,30,71,1060,0
276.71,2080,1.53,17.17,12.9,30.8,71,1060,0
276.94,2080,1.53,16.89,12.2,31.5,71,1050,0
277.19,2080,1.28,14.08,11.4,31.5,71,1040,0
277.42,2080,1.28,14.28,11,32.3,71,1020,0
277.66,2080,1.28,14.47,11,32.3,71,1010,0
277.91,2080,1.28,13.89,11,32.3,71,1000,0
278.15,2080,1.28,13.17,10.2,32.3,71,990,0
278.39,2080,1.28,13.17,10.2,33,71,990,0
278.63,2080,1.28,13.33,10.2,33,71,980,0
278.9,2080,1.28,13.08,10.2,33,71,980,0
279.13,2080,1.28,13.39,10.2,33,71,970,0
279.38,2080,1.28,11.61,10.2,33,71,970,0
279.65,2080,1.02,11.25,9.4,33.8,71,970,0
279.91,2080,1.02,9.97,9,33.8,71,970,0
280.16,2080,1.02,9.83,8.6,34.5,71,960,0
280.43,2080,1.02,9.69,8.2,34.5,71,960,0
280.7,2040,0.77,9.67,8.2,34.5,71,950,0
280.97,2040,1.02,9.31,8.2,34.5,71,950,0
281.2,2040,0.77,8.97,8.2,34.5,71,950,0
281.45,2040,0.77,7.58,7.5,34.5,71,950,0
281.69,2040,0.51,6.19,6.7,34.5,71,940,0
281.92,2000,0.51,5.94,5.5,14.3,70,940,0
282.17,2040,0.51,6.5,5.5,6.8,70,940,0
282.4,2040,0.51,6.44,5.9,2.3,70,930,0
282.66,2000,0.51,6.44,5.9,1.5,70,930,0
282.9,2000,0.51,6.5,5.9,0.8,70,930,0
283.15,2000,0.51,6.19,5.9,-3.8,69,930,0
283.38,2000,0.51,6.22,5.9,-4.5,69,930,0
283.63,2000,0.51,6.22,5.9,-4.5,69,930,0
283.86,2000,0,6.33,5.9,-4.5,69,930,0
284.12,1960,0,6.19,5.9,5.3,69,930,0
284.36,1960,0,6.42,5.9,-5.3,68,930,0
284.61,1960,0,6.17,5.9,-5.3,68,930,0
284.84,1960,0,6.19,5.5,-5.3,68,930,0
285.08,1960,0,6.03,5.5,-5.3,67,940,0
285.33,1920,0,6.39,5.5,-5.3,67,940,0
285.56,1920,0,6.22,5.5,-5.3,67,940,0
285.81,1920,0,6.25,5.5,-6,66,940,0
286.05,1880,0,6.14,5.5,-6,66,940,0
286.3,1880,0,6.11,5.5,-6,66,940,0
286.53,1880,0,6.22,5.5,-6,65,940,0
286.79,1880,0,5.97,5.5,-6,65,940,0
287.02,1880,0,6.08,5.5,-6,65,950,0
287.27,1840,0,6.03,5.5,-6,64,950,0
287.5,1840,0,5.97,5.5,-6.8,64,950,0
287.74,1840,0,5.83,5.5,-6.8,64,950,0
287.99,1840,0,5.81,5.5,-6.8,63,950,0
288.22,1840,0,5.75,5.5,-6.8,63,950,0
288.47,1800,0,5.86,5.5,-6.8,63,950,0
288.71,1800,0,5.92,5.5,-6.8,63,950,0
288.96,1800,0,5.86,5.1,-6.8,62,950,0
289.2,1800,0,5.64,5.1,-7.5,62,950,0
289.46,1760,0,5.36,5.1,-7.5,62,950,0
289.72,1760,0,5.53,5.1,-7.5,61,940,0
289.97,1760,0,5.53,5.1,-7.5,61,940,0
290.22,1720,0,5.33,5.1,-7.5,61,940,0
290.48,1720,0,5.47,5.1,-7.5,60,940,0
290.71,1720,0,5.33,5.1,-7.5,60,940,0
290.96,1720,0,5.36,5.1,-7.5,60,940,0
291.19,1720,0,5.58,5.1,-7.5,59,940,0
291.42,1680,0,5.39,5.1,-7.5,59,940,0
291.67,1680,0,5.47,5.1,-7.5,59,940,0
291.91,1680,0,5.28,5.1,-7.5,58,940,0
292.16,1680,0,5.25,5.1,-7.5,58,940,0
292.39,1640,0,5.31,5.1,-7.5,58,940,0
292.64,1640,0,5.25,5.1,-7.5,57,940,0
292.88,1600,0,5.28,5.1,-7.5,57,940,0
293.13,1600,0,5.06,4.7,-6.8,56,940,0
293.36,1560,0,5.06,4.7,-6.8,55,940,0
293.61,1520,0,4.89,4.7,-6.8,54,940,0
293.85,1520,0,4.67,4.7,-6.8,54,940,0
294.08,1480,0,4.69,4.7,-6.8,53,940,0
294.33,1440,0,4.5,4.3,-6.8,52,940,0
294.56,1400,0,4.47,4.3,-6.8,51,940,0
294.83,1360,0,4.11,4.3,-6.8,49,940,0
295.06,1320,0,4.33,4.3,-8.3,48,930,0
295.32,1280,0,4.19,3.9,-8.3,47,930,0
295.55,1200,0,4.06,3.9,-8.3,45,930,0
295.8,960,1.02,3.36,3.5,-8.3,44,930,0
296.04,1000,0.77,2.81,3.1,-8.3,43,930,0
296.28,920,0.77,2.58,3.1,-7.5,42,920,0
296.51,880,0.77,2.5,2.7,-1.5,40,920,0
296.76,840,0.77,2.61,2.4,-2.3,39,920,0
297,800,0.77,2.28,2.4,-3,38,920,0
297.24,760,0.77,2.03,2.4,-0.8,36,920,0
297.48,720,0.77,2.28,2.4,4.5,35,920,0
297.72,720,0.77,2.33,2.7,2.3,34,920,0
297.97,720,0.77,2.58,2.4,0.8,32,920,0
298.21,720,0.77,2.56,2.4,0.8,31,920,0
298.45,720,1.02,2.36,2.4,0.8,29,920,0
298.69,720,0.77,2.33,2.4,1.5,28,910,0
298.95,720,1.02,2.39,2.4,3,26,910,0
299.19,720,1.02,2.61,2.7,2.3,24,910,0
299.43,760,1.02,2.58,2.7,-0.8,23,910,0
299.68,720,1.02,2.56,2.7,-0.8,21,910,0
299.91,760,1.02,2.64,2.4,-0.8,19,910,0
300.18,720,1.02,2.42,2.4,-0.8,17,910,0
300.41,720,1.02,2.33,2.4,1.5,16,910,0
300.66,720,1.02,2.5,2.4,2.3,14,910,0
300.89,720,1.02,2.47,2.4,2.3,12,910,0
301.15,720,1.02,2.61,2.4,0.8,10,910,0
301.39,720,1.02,2.47,2.4,2.3,8,910,0
301.65,720,1.02,2.56,2.7,0.8,6,910,0
301.88,720,1.02,2.36,2.7,1.5,5,910,0
302.13,760,1.02,2.58,2.7,1.5,4,910,0
302.37,760,1.02,2.75,2.7,0.8,2,910,0
302.61,760,1.02,2.72,2.7,-3.8,2,910,0
302.85,760,1.02,2.42,2.4,-3,1,910,0
303.08,720,1.02,2.5,2.4,-0.8,0,910,0
303.33,720,1.02,2.44,2.4,1.5,0,910,0
303.57,720,1.02,2.58,2.4,0.8,0,910,0
303.82,720,1.02,2.42,2.4,0.8,0,910,0
304.05,720,1.02,2.28,2.4,2.3,0,910,0
304.3,720,1.02,2.5,2.7,1.5,0,910,0
304.53,720,1.02,2.58,2.7,0.8,0,910,0
304.79,720,1.02,2.36,2.7,0.8,0,910,0
305.03,720,1.02,2.5,2.7,0.8,0,910,0
305.29,720,1.02,2.56,2.7,-0.8,0,910,0
305.53,760,1.02,2.42,2.7,0.8,0,910,0
305.78,760,1.02,2.64,2.7,0,0,910,0
306.02,760,1.02,2.58,2.7,-0.8,0,910,0
306.25,720,1.02,2.33,2.7,0,0,910,0
306.5,760,1.02,2.42,2.7,1.5,0,910,0
306.73,760,1.02,2.5,2.7,0,0,910,0
306.98,720,1.02,2.64,2.7,0,0,910,0
307.22,760,1.02,2.61,2.7,0,0,910,0
307.47,720,1.02,2.58,2.7,-0.8,0,910,0
307.7,720,1.02,2.33,2.7,0,0,910,0
307.96,720,0.77,2.42,2.7,0.8,0,910,0
308.19,760,0.77,2.36,2.4,-0.8,0,910,0
308.44,760,0.77,2.5,2.4,0.8,0,910,0
308.67,720,0.77,2.47,2.7,0,0,910,0
308.9,760,0.77,2.53,2.7,-0.8,0,910,0
309.15,760,0.77,2.64,2.7,-1.5,0,910,0
309.4,760,0.77,2.56,2.7,-1.5,0,910,0
309.66,760,0.77,2.42,2.7,0,0,910,0
309.89,720,0.77,2.33,2.7,-0.8,0,910,0
310.14,720,0.77,2.47,2.7,2.3,0,910,0
310.38,760,0.77,2.5,2.7,0.8,0,910,0
310.64,760,0.77,2.47,2.7,-0.8,0,910,0
310.91,720,0.77,2.5,2.7,0,0,910,0
311.17,760,0.77,2.44,2.7,-0.8,0,910,0
311.41,760,1.02,2.89,2.7,0,0,910,0
311.66,760,1.02,2.97,3.1,-1.5,0,910,0
311.9,760,1.02,3,3.1,-9,0,910,0
312.15,760,1.02,2.47,2.7,-9.8,0,910,0
312.38,760,1.28,2.67,2.7,-6.8,0,910,0
312.61,880,2.29,9.64,9,9.8,0,910,0
312.86,1320,1.53,9.36,9,1.5,0,910,0
313.1,1400,1.53,10.89,9.4,20.3,0,910,0
313.34,1360,1.79,10.81,9.8,23.3,0,920,0
313.58,1320,1.79,10.97,9.8,23.3,1,920,0
313.83,1280,2.04,11.31,10.2,19.5,3,920,0
314.06,1320,2.04,11.33,10.2,17.3,4,920,0
314.32,1280,2.04,10.61,10.2,15,5,930,0
314.55,1280,1.79,10.92,9.8,18,7,930,0
314.8,1200,2.04,10.33,9.8,20.3,8,930,0
315.03,1360,2.04,10.47,9,13.5,10,930,0
315.26,1440,1.79,11.81,9.4,18,11,940,0
315.51,1560,1.53,12.53,9.8,24,12,950,0
315.75,1720,1.53,13.14,10.2,27.8,13,950,0
316.01,1800,1.53,13.5,10.6,31.5,14,960,0
316.25,1920,1.28,13.69,11,32.3,15,960,0
316.52,2040,1.02,10.17,11,32.3,16,960,0
316.75,2040,0.77,6.56,7.5,33,17,970,0
317,1960,0.51,6.83,6.3,-6,18,960,0
317.25,1840,0.77,6.19,5.9,-5.3,18,960,0
317.51,1720,0.77,5.94,5.9,-6.8,18,950,0
317.73,1640,0,5.58,5.5,-7.5,18,940,0
317.97,1400,0,4.83,5.1,-6.8,18,940,0
318.22,1160,0,3.5,4.3,-7.5,17,940,0
318.46,1000,0.77,3.28,3.5,-8.3,16,930,0
318.71,1000,0.77,3.06,3.5,-8.3,14,930,0
318.94,960,0.77,2.81,3.1,-5.3,12,930,0
319.19,880,0.77,2.72,2.7,-3.8,10,930,0
319.42,800,0.77,2.47,2.7,-5.3,8,920,0
319.68,800,2.04,3.53,2.4,-0.8,7,920,0
319.91,1000,3.31,13.47,12.9,8.3,6,910,0
320.16,1560,3.31,21.28,16.9,15.8,6,920,0
320.39,1760,3.06,24.83,21.6,21.8,7,940,0
320.63,1840,2.81,20.03,22,21.8,9,980,0
320.88,1720,2.55,19.08,17.3,15,11,1000,0
321.11,1920,2.04,20.56,15.7,21,13,1000,0
321.38,2120,2.04,23.11,16.5,24.8,15,1030,0
321.61,2280,2.04,25.83,16.9,30,17,1040,0
321.88,2480,1.79,27.69,17.3,27.8,19,1070,0
322.11,2680,1.79,28.81,17.6,26.3,21,1090,0
322.36,2880,2.04,33.83,18,26.3,22,1120,0
322.6,3000,2.04,35.06,19.2,25.5,24,1150,0
322.85,3200,2.29,44.53,20.4,25.5,25,1170,0
323.08,3440,2.55,50.86,23.9,24.8,27,1180,0
323.31,3680,2.55,55.31,25.5,24.8,29,1180,0
323.56,3960,2.55,59.06,30.6,24.8,31,1170,0
323.8,4240,2.55,64.36,34.1,25.5,33,1150,0
324.07,4560,2.55,71.56,38.8,25.5,36,1130,0
324.29,4800,2.55,77.89,42.4,25.5,38,1120,0
324.56,5120,2.55,85.53,44.7,25.5,41,1130,0
324.82,5320,0,35.36,46.3,24.8,43,1250,0
325.08,4880,0,13.83,11,4.5,46,1150,0
325.32,4520,0,16.47,12.5,2.3,47,1050,0
325.57,4160,0.51,18.08,12.5,0,47,1010,0
325.8,3880,0.77,19.67,12.2,8.3,47,1010,0
326.05,3400,1.53,31.22,15.7,29.3,48,980,0
326.28,3520,2.29,59.11,26.7,25.5,48,960,0
326.52,3680,3.06,91.78,43.5,21,49,1190,0
326.79,3920,5.36,126,99.6,15,51,1640,0
327.02,4160,6.38,129.11,97.6,10.5,54,1940,0
327.27,4400,6.38,135.58,97.6,6.8,57,1960,0
327.5,4640,6.38,140.06,99.2,9.8,60,1980,0
327.77,4920,6.38,148.92,98.8,9.8,64,1940,0
328.02,5160,6.12,151.11,98.8,11.3,67,1890,0
328.29,5440,5.87,152.67,99.6,12.8,71,1820,0
328.51,5600,5.36,153.86,99.6,12,74,1750,0
328.77,5760,4.59,156.03,99.6,15,77,1710,0
329,5560,0,3.97,29,6,80,1670,0
329.25,5120,0,12.94,10.6,6,81,1240,0
329.5,4680,0.51,16.11,12.9,3,82,1090,0
329.75,4200,1.53,31.58,12.5,0.8,82,1050,0
329.99,4120,2.29,68.11,26.3,27.8,82,1020,0
330.23,4160,2.81,84.94,38.4,24.8,83,1170,0
330.48,4240,4.08,114.31,70.6,24,84,1390,0
330.72,4360,5.61,130.97,99.6,16.5,85,1710,0
330.97,4480,6.38,137.75,98.4,10.5,87,1930,0
331.2,4600,6.38,140.58,96.5,9,89,1980,0
331.48,4720,6.38,144.11,96.9,9,92,1980,0
331.7,4840,6.38,147.03,97.3,10.5,94,1980,0
331.97,4960,6.38,149.83,97.3,10.5,96,1950,0
332.2,5080,6.38,149.19,97.6,11.3,99,1920,0
332.47,5160,3.31,80.14,97.6,11.3,101,1900,0
332.7,4840,0,1.81,15.7,0,103,1470,0
332.97,4440,0,12.17,10.2,3,103,1150,0
333.2,4080,0,15.36,11.8,-0.8,103,1070,0
333.46,3760,0,14.78,11.8,-2.3,103,1020,0
333.69,3440,0,13.75,11.4,-3.8,103,1000,0
333.93,3160,0,12.81,10.6,-3.8,103,980,0
334.17,2880,0,11.81,9.8,-3.8,102,970,0
334.41,2920,0,11.56,9,-4.5,102,960,0
334.66,2920,0,11.36,9.4,-4.5,101,960,0
334.89,2920,0,11.56,9.4,-4.5,101,970,0
335.14,2880,0,10.72,9,-4.5,100,970,0
335.38,2880,0,10.92,8.6,-4.5,100,970,0
335.63,2880,0,10.28,8.6,-4.5,100,970,0
335.86,2840,0,10.17,8.6,-4.5,99,970,0
336.11,2840,0,10.33,8.2,-4.5,99,970,0
336.35,2840,0,9.89,8.2,-4.5,98,970,0
336.58,2800,0,9.94,8.2,-4.5,98,970,0
336.83,2800,0,9.94,8.2,-4.5,97,970,0
337.07,2800,0,10.03,8.2,-4.5,97,970,0
337.33,2760,0,9.75,8.2,-4.5,97,970,0
337.56,2760,0,9.44,7.8,-4.5,96,970,0
337.82,2760,0,9.69,7.8,-4.5,96,960,0
338.05,2760,0,9.42,7.8,-4.5,95,970,0
338.29,2760,0,9.72,7.8,-4.5,95,960,0
338.53,2720,0,9.47,7.8,-4.5,94,960,0
338.79,2720,0,9.47,7.8,-4.5,94,960,0
339.02,2720,0,9.25,7.8,-4.5,94,960,0
339.25,2680,0,9.36,7.8,-4.5,93,960,0
339.5,2680,0,9.31,7.8,-4.5,93,960,0
339.75,2680,0,9.36,7.8,-4.5,93,960,0
340,2640,0,9.39,7.8,-4.5,92,960,0
340.23,2640,0,9.39,7.8,-4.5,92,960,0
340.48,2640,0,8.92,7.8,-4.5,91,960,0
340.72,2640,0,8.81,7.5,-4.5,91,960,0
340.97,2600,0,9,7.5,-4.5,91,960,0
341.21,2600,0,8.89,7.5,-4.5,90,960,0
341.45,2600,0,8.83,7.5,-4.5,90,960,0
341.69,2600,0,8.78,7.5,-4.5,90,960,0
341.93,2560,0,8.56,7.5,-4.5,89,960,0
342.18,2560,0,8.86,7.5,-4.5,89,960,0
342.41,2560,0,8.56,7.5,-4.5,89,960,0
342.67,2560,0,8.97,7.5,-4.5,88,960,0
342.91,2520,0,8.78,7.5,-4.5,88,960,0
343.16,2520,0,8.94,7.5,-4.5,87,960,0
343.4,2520,0,8.67,7.5,-4.5,87,960,0
343.64,2520,0,8.75,7.5,-4.5,87,960,0
343.88,2480,0,8.69,7.5,-4.5,86,950,0
344.14,2480,0,8.22,7.5,-4.5,86,950,0
344.38,2480,0,8.22,7.5,-5.3,86,950,0
344.61,2440,0,8.61,7.5,-5.3,85,950,0
344.87,2440,0,8.42,7.1,-5.3,85,950,0
345.11,2440,0,8.53,7.1,-5.3,84,950,0
345.38,2440,0,8.22,7.1,-5.3,84,950,0
345.61,2400,0,8.19,7.1,-5.3,84,950,0
345.86,2400,0,7.97,7.1,-5.3,83,950,0
346.1,2400,0,7.97,7.1,-5.3,83,950,0
346.36,2400,0,8.25,7.1,-5.3,83,950,0
346.6,2360,0,8.06,7.1,-5.3,82,950,0
346.85,2360,0,7.97,7.1,-5.3,82,950,0
347.08,2360,0,7.56,6.7,-5.3,82,950,0
347.33,2360,0,7.94,6.7,-4.5,81,950,0
347.56,2320,0,7.81,7.1,-5.3,81,950,0
347.82,2320,0.51,8,7.1,-5.3,81,950,0
348.07,2320,0.51,7.58,6.7,-5.3,80,950,0
348.3,2320,0.51,7.69,6.7,-5.3,80,950,0
348.55,2280,0.51,7.86,6.7,-3.8,80,940,0
348.78,2280,0.51,7.81,6.7,-3.8,79,940,0
349.03,2280,0.51,7.58,6.7,-3,79,940,0
349.27,2280,0.51,7.67,6.7,-3,79,940,0
349.52,2280,0.51,7.44,6.7,-3,79,930,0
349.76,2280,0.51,7.33,6.7,-2.3,79,930,0
350,2280,0.51,7.47,6.7,-3,78,930,0
350.23,2240,0.51,7.42,6.7,-3,78,930,0
350.48,2240,0.51,7.36,6.7,-3,78,930,0
350.72,2240,0.51,7.42,6.7,-3,78,930,0
350.96,2240,0.51,7.33,6.7,-2.3,77,930,0
351.2,2240,0.51,7.44,6.7,-3,77,930,0
351.43,2240,0.51,7.42,6.7,-3,77,930,0
351.69,2200,0.51,7.25,6.7,-3.8,77,930,0
351.92,2200,0.51,7.19,6.7,-3.8,77,930,0
352.19,2200,0.51,7.14,6.7,-3.8,76,930,0
352.42,2200,0.51,7.31,6.7,-3.8,76,930,0
352.67,2200,0.51,7.22,6.7,-3.8,76,930,0
352.91,2200,0.51,7.08,6.7,-3.8,76,930,0
353.17,2160,0.51,6.83,6.3,-2.3,75,930,0
353.42,2160,0.51,7.36,6.3,0,75,930,0
353.68,2160,0.51,7.19,6.7,-1.5,75,930,0
353.91,2160,0.51,6.89,6.7,0,75,930,0
354.16,2160,0.51,7.11,6.3,1.5,75,930,0
354.39,2160,0.51,7.31,6.3,0.8,74,930,0
354.66,2160,0.51,7,6.3,0.8,74,930,0
354.9,2120,0.51,7.14,6.3,1.5,74,930,0
355.13,2120,0.51,6.69,6.3,1.5,74,930,0
355.38,2120,0.51,6.92,6.3,3.8,74,930,0
355.63,2120,0.77,10.14,6.3,16.5,73,930,0
355.88,2120,1.28,16.33,11,15.8,73,920,0
356.11,2120,1.02,15.19,12.5,18.8,73,930,0
356.36,2120,1.28,16.78,12.2,26.3,73,940,0
356.6,2160,1.28,16.39,12.5,30,73,960,0
356.84,2160,1.28,16.06,12.2,31.5,74,970,0
357.08,2160,1.28,16,12.5,31.5,74,980,0
357.33,2160,1.28,16.86,12.5,32.3,74,980,0
357.56,2160,1.28,16.53,12.5,31.5,74,990,0
357.81,2160,1.28,16.94,12.2,30.8,74,990,0
358.05,2160,1.28,16.5,12.2,31.5,74,1000,0
358.28,2160,1.28,16.64,12.2,31.5,75,1000,0
358.55,2160,1.28,15.86,12.2,32.3,75,1000,0
358.78,2200,1.28,14.61,11.4,32.3,75,1000,0
359.04,2200,1.28,14.44,11,32.3,75,1000,0
359.26,2200,1.28,14.64,11,32.3,75,990,0
359.52,2200,1.28,13.64,10.6,32.3,75,990,0
359.75,2200,1.02,13.75,10.2,33,75,990,0
360,2200,1.28,13.61,10.6,33,76,990,0
360.23,2200,1.28,13.31,10.6,33,76,980,0
360.49,2200,1.02,13.47,10.2,33,76,980,0
360.72,2200,1.02,12.61,10.2,33,76,980,0
360.97,2200,1.02,11.42,9.8,33,76,980,0
361.2,2200,1.02,11.39,9,33.8,76,970,0
361.43,2200,1.02,11.14,9,33.8,76,970,0
361.69,2200,1.02,11.25,9,33.8,76,970,0
361.92,2200,1.02,11.69,9,33.8,76,960,0
362.18,2200,1.02,12.58,9.8,33.8,76,960,0
362.41,2200,1.02,13.03,9.8,33,76,960,0
362.66,2200,1.28,13.19,10.6,33,76,960,0
362.89,2200,1.02,13.36,10.6,33,76,970,0
363.14,2200,1.02,13.25,10.2,33,76,970,0
363.38,2200,1.02,13.22,10.2,33,76,970,0
363.64,2200,1.02,13.72,10.2,33,76,970,0
363.88,2240,1.02,12.94,10.2,33,76,970,0
364.11,2240,1.02,12.97,10.2,33,77,970,0
364.36,2240,1.02,13.08,10.2,33,77,970,0
364.6,2240,1.02,14.28,10.2,33,77,970,0
364.87,2240,1.28,14.97,11,33,77,970,0
365.11,2240,1.28,15.03,11.4,31.5,77,980,0
365.37,2240,1.28,17.14,11.4,31.5,77,980,0
365.6,2240,1.53,18.33,12.5,30.8,77,990,0
365.86,2240,1.53,18.42,13.3,30.8,77,1000,0
366.1,2240,1.53,18.86,13.3,30.8,77,1010,0
366.35,2240,1.53,18.08,13.3,30.8,78,1020,0
366.58,2280,1.53,16.17,12.5,30.8,78,1020,0
366.83,2280,1.28,15,11.4,30.8,78,1020,0
367.06,2280,1.28,14.36,11.4,31.5,78,1020,0
367.3,2280,1.28,14.36,11,31.5,78,1010,0
367.55,2280,1.28,14.53,11,31.5,78,1010,0
367.8,2280,1.02,13.78,10.6,31.5,78,1000,0
368.04,2280,1.02,12.53,10.2,32.3,79,1000,0
368.28,2280,1.02,11.89,9.8,33,79,990,0
368.53,2280,0.77,10.58,9.4,33.8,79,990,0
368.77,2280,0.77,8.81,8.2,33.8,79,980,0
369.05,2280,0.77,8.56,7.5,34.5,79,970,0
369.28,2280,0.51,7.25,6.7,31.5,79,960,0
369.53,2280,0.51,6.53,6.3,23.3,78,960,0
369.76,2280,0.51,6.72,5.9,18.8,78,950,0
370.02,2280,0.51,6.61,5.9,17.3,78,950,0
370.26,2240,0.51,6.44,5.9,17.3,78,940,0
370.5,2240,0.51,6.56,6.3,17.3,78,940,0
370.73,2240,0.51,6.75,6.3,15,78,940,0
370.97,2240,0.51,6.75,6.3,12,78,940,0
371.22,2240,0.51,6.33,6.3,6,77,940,0
371.45,2240,0.51,6.53,5.9,6,77,930,0
371.71,2240,0.51,6.81,5.9,6.8,77,930,0
371.94,2240,0.51,6.44,5.9,4.5,77,930,0
372.19,2240,0.51,6.44,5.9,4.5,77,930,0
372.42,2200,0.51,6.64,5.9,1.5,77,930,0
372.67,2200,0.51,6.56,5.9,1.5,76,930,0
372.91,2200,0.51,6.36,5.9,1.5,76,930,0
373.15,2200,0.51,6.75,5.9,0,76,930,0
373.39,2160,0.51,6.39,5.9,-0.8,76,930,0
373.63,2200,0.51,6.31,5.9,-3,76,930,0
373.88,2160,0.51,6.22,5.9,-3.8,75,930,0
374.11,2160,0.51,6.39,5.9,-3.8,75,930,0
374.38,2160,0.51,6.36,5.9,-3.8,75,930,0
374.61,2160,0.51,6.22,5.9,-3.8,75,930,0
374.86,2160,0.51,6.17,5.9,-3.8,74,930,0
375.1,2160,0.51,6.08,5.5,-2.3,74,930,0
375.34,2160,0.51,6.31,5.5,-2.3,74,930,0
375.57,2120,0.51,6.06,5.5,-3,74,930,0
375.82,2120,0.51,6.19,5.5,-1.5,74,930,0
376.06,2120,0.51,6.19,5.5,-3,73,930,0
376.33,2120,0.51,5.97,5.5,-3.8,73,930,0
376.56,2120,0.51,6.19,5.5,-3.8,73,930,0
376.79,2120,0.51,5.89,5.5,-5.3,73,930,0
377.05,2080,0.51,5.94,5.5,-5.3,73,930,0
377.28,2080,0.51,6.86,5.5,-3.8,72,930,0
377.53,2080,0.51,6.83,6.3,-3.8,72,930,0
377.77,2080,0.51,6.75,6.3,-3.8,72,930,0
378.02,2080,0.51,6.86,6.3,-2.3,72,930,0
378.25,2080,0,6.64,6.3,-3.8,71,930,0
378.5,2040,0,6.92,6.3,-3.8,71,930,0
378.74,2040,0,6.67,5.9,-3.8,71,940,0
378.99,2040,0,6.72,5.9,-3.8,71,940,0
379.22,2040,0,6.53,5.9,-3.8,70,940,0
379.45,2000,0,6.78,5.9,-4.5,70,940,0
379.72,2000,0,6.58,5.9,-5.3,70,950,0
379.95,2000,0,6.08,5.9,-5.3,69,950,0
380.2,2000,0,6.11,5.9,-4.5,69,950,0
380.44,2000,0,6.39,5.9,-4.5,69,950,0
380.69,1960,0,6.22,5.9,-5.3,68,950,0
380.92,1960,0,6.61,5.5,-5.3,68,950,0
381.17,1960,0,6.25,5.9,-5.3,68,950,0
381.41,1960,0,6.5,5.9,-5.3,68,950,0
381.65,1920,0,6.19,5.9,-5.3,67,950,0
381.89,1920,0,6.11,5.5,-5.3,67,950,0
382.15,1920,0,6.11,5.5,-5.3,67,950,0
382.38,1920,0,5.97,5.5,-6,66,950,0
382.62,1920,0,6.03,5.5,-6,66,950,0
382.86,1880,0,6.11,5.5,-6,66,950,0
383.1,1880,0,6.22,5.5,-6,65,950,0
383.35,1880,0,5.86,5.5,-6,65,950,0
383.58,1880,0,5.97,5.5,-6,65,950,0
383.83,1840,0,5.83,5.5,-6,64,950,0
384.06,1840,0,5.75,5.5,-6.8,64,950,0
384.31,1840,0,5.89,5.5,-6.8,64,950,0
384.55,1840,0,5.78,5.5,-6.8,63,950,0
384.81,1800,0,5.5,5.5,-6.8,63,950,0
385.05,1800,0,5.64,5.5,-6.8,63,950,0
385.28,1800,0,5.72,5.5,-6.8,62,950,0
385.54,1760,0,5.72,5.1,-7.5,62,950,0
385.76,1760,0,5.75,5.1,-7.5,61,950,0
386.02,1760,0,5.61,5.1,-7.5,61,950,0
386.25,1760,0,5.67,5.1,-7.5,61,950,0
386.5,1720,0,5.5,5.1,-7.5,60,950,0
386.74,1720,0,5.64,5.1,-7.5,60,950,0
386.99,1720,0,5.61,5.1,-7.5,60,950,0
387.22,1720,0,5.64,5.1,-7.5,59,950,0
387.47,1680,0,5.36,5.1,-7.5,59,950,0
387.7,1680,0,5.42,5.1,-7.5,59,950,0
387.94,1680,0,5.11,5.1,-7.5,58,940,0
388.2,1680,0,5.14,5.1,-7.5,58,950,0
388.44,1640,0,5.47,5.1,-7.5,57,940,0
388.69,1640,1.02,5.53,5.1,-7.5,57,940,0
388.92,1640,2.55,16.25,8.2,15.8,57,930,0
389.18,1640,3.31,23.61,17.3,18,57,930,0
389.42,1680,3.06,25.28,23.5,18.8,57,960,0
389.67,1680,3.31,26.67,25.9,19.5,57,1010,0
389.9,1720,3.31,26.08,25.9,18.8,58,1050,0
390.17,1720,2.81,26.92,24.7,19.5,58,1090,0
390.4,1760,3.06,27.69,23.5,17.3,59,1110,0
390.67,1760,3.06,27.47,23.1,18.8,60,1120,0
390.91,1800,3.06,27.83,22.7,18,60,1130,0
391.14,1800,2.81,28.31,22.7,18,61,1130,0
391.39,1800,3.06,27.56,22.7,17.3,62,1130,0
391.63,1840,2.81,26.44,21.6,19.5,62,1130,0
391.87,1840,2.55,24.22,19.2,20.3,63,1130,0
392.11,1880,2.04,18.97,16.5,23.3,64,1130,0
392.37,1880,1.28,10.64,12.2,27.8,64,1060,0
392.6,1880,1.02,8.47,9.4,32.3,64,1030,0
392.84,1840,0.51,4.78,7.5,33.8,64,1000,0
393.08,1800,0.51,5.42,5.5,33,64,980,0
393.33,1840,0.51,5.61,5.5,-4.5,64,960,0
393.56,1880,0.51,5.78,5.5,-6,64,950,0
393.8,1840,0,6.11,5.5,3,64,940,0
394.05,1840,0,6.42,5.9,-6.8,63,940,0
394.28,1800,0,6.11,5.5,-6.8,63,940,0
394.53,1800,0,5.56,5.5,-6.8,63,940,0
394.78,1800,0,6.14,5.5,-6.8,62,940,0
395.04,1800,0,6.03,5.5,-7.5,62,940,0
395.27,1760,0,5.86,5.5,-7.5,62,940,0
395.54,1760,0,5.56,5.1,-7.5,61,950,0
395.8,1760,0,5.69,5.1,-7.5,61,950,0
396.04,1680,0,5.47,5.1,-7.5,60,950,0
396.28,1680,0,5.39,5.1,-7.5,59,950,0
396.53,1600,0,5.36,5.1,-7.5,58,950,0
396.77,1560,0,5.14,4.7,-6.8,57,940,0
397,1520,0,4.72,4.7,-6.8,55,940,0
397.25,1440,0,4.42,4.3,-6.8,53,940,0
397.49,1400,0,4.47,4.3,-6.8,51,940,0
397.74,1320,0,4,4.3,-6.8,49,940,0
397.97,1280,0,3.97,3.9,-8.3,47,940,0
398.22,1200,0,3.89,3.9,-8.3,45,930,0
398.46,1120,0.77,3.69,3.5,-8.3,43,930,0
398.71,1120,1.28,5.81,3.5,21,41,930,0
398.94,1360,2.04,13.28,7.8,21.8,39,920,0
399.19,1480,0.77,4.5,4.3,-14.3,37,930,0
399.43,1440,0.77,4.31,4.3,-8.3,35,930,0
399.66,1360,0.77,4.19,4.7,-6.8,33,930,0
399.91,1280,0,4.33,4.3,-8.3,32,920,0
400.14,1040,0.77,3.64,3.9,-8.3,31,920,0
400.39,1000,1.53,3.03,3.1,12.8,30,920,0
400.63,960,2.81,19.22,3.1,13.5,29,910,0
400.89,1480,1.28,4.69,6.3,-18.8,29,930,0
401.12,1840,1.02,6.42,5.1,12.8,28,930,0
401.38,1960,1.28,12.31,8.2,24,28,920,0
401.61,1960,1.79,16.5,10.2,17.3,28,920,0
401.86,2000,2.55,25.83,16.5,16.5,28,910,0
402.1,2080,3.06,33.25,24.3,20.3,28,950,0
402.33,2200,2.81,36.22,29,20.3,29,1020,0
402.58,2320,2.81,40.56,28.6,22.5,30,1100,0
402.82,2440,3.06,44.19,31,19.5,32,1170,0
403.08,2640,3.31,57.5,35.3,12,34,1280,0
403.33,2760,3.57,62.94,37.3,18.8,36,1400,0
403.58,2960,4.08,79.83,38.8,15.8,38,1510,0
403.82,3160,4.84,93.64,99.6,12.8,40,1700,0
404.06,3400,6.12,96.44,99.6,10.5,43,1830,0
404.3,3640,6.12,98.56,99.6,9.8,46,1810,0
404.56,3880,5.87,111.39,99.6,9.8,50,1780,0
404.8,4120,6.12,122.72,99.6,10.5,53,1810,0
405.05,4360,6.12,131.5,99.6,11.3,56,1880,0
405.28,4600,6.38,137.36,99.6,11.3,60,1930,0
405.53,4880,6.38,145.97,98.4,9,63,1930,0
405.77,5040,4.59,101.28,98.8,9.8,66,1910,0
406,4800,0,2.69,25.9,-0.8,69,1580,0
406.28,4360,0,12.28,9.8,1.5,71,1170,0
406.52,4000,0,14.14,11.4,-0.8,71,1070,0
406.77,3640,1.02,18.81,11.4,2.3,71,1040,0
407.01,3560,2.55,55.39,20,27.8,71,1000,0
407.27,3600,3.06,76.06,38.8,19.5,72,1140,0
407.51,3680,4.34,100,96.1,21.8,72,1390,0
407.75,3800,6.12,117.08,99.6,18,74,1730,0
407.99,3920,6.38,114.14,97.6,12,76,1880,0
408.25,4080,6.38,127.36,98,8.3,78,1890,0
408.5,4160,6.63,131.5,99.6,9,81,1940,0
408.77,4320,6.63,135.75,99.2,9,83,1980,0
409,4440,6.63,136.25,98,9.8,86,1980,0
409.25,4560,6.38,139.53,98,10.5,88,1990,0
409.48,4760,6.38,142.92,98,10.5,91,1990,0
409.73,4800,6.38,147.28,96.5,9,94,1970,0
409.97,4960,6.38,148.58,96.5,9,96,1960,0
410.2,5040,6.38,151.56,97.3,9,98,1930,0
410.46,5160,6.38,151.22,97.6,11.3,101,1890,0
410.69,5280,6.12,156.56,98.4,11.3,103,1860,0
410.94,5400,6.63,155.11,99.6,12.8,105,1840,0
411.17,5200,0,4.83,31.4,9,107,1810,0
411.44,4800,0,10.64,9,4.5,108,1250,0
411.67,4440,0.51,16.39,11.8,1.5,108,1100,0
411.92,4160,0.77,17.56,12.2,0,108,1050,0
412.16,4000,2.29,60.83,19.2,31.5,108,970,0
412.41,4000,2.55,84.08,36.9,25.5,108,1150,0
412.65,4040,4.08,110.28,92.2,23.3,108,1430,0
412.92,4120,6.12,130.97,99.6,15,109,1830,0
413.16,4160,6.63,131.17,96.1,9.8,111,1980,0
413.4,4240,6.88,134.14,96.9,6.8,112,2030,0
413.64,4280,6.63,132.69,96.5,6,114,2030,0
413.92,4320,0,35.53,97.3,6.8,115,2120,0
414.16,4000,0,2,7.1,-1.5,116,1470,0
414.39,3680,0,7.5,8.2,-1.5,117,1190,0
414.65,3360,0,11.28,9.8,-3.8,116,1070,0
414.88,3080,0,10.94,9.8,-3.8,116,1020,0
415.13,2800,0,10.22,9,-4.5,115,990,0
415.37,2760,0.51,10.44,8.6,-4.5,115,980,0
415.62,2760,0.77,10.5,8.6,-3.8,114,970,0
415.85,2720,0.51,10.17,8.6,-4.5,114,960,0
416.09,2720,0.77,10.56,8.6,-3,113,950,0
416.33,2720,1.79,26.03,8.6,12.8,113,950,0
416.59,2720,2.04,33.42,19.6,14.3,112,950,0
416.83,2720,2.29,34.67,20.8,21,112,1040,0
417.06,2720,2.04,33.89,20.4,24,112,1110,0
417.31,2720,2.04,29.58,20,24.8,112,1140,0
417.55,2720,1.79,26.08,17.6,24.8,112,1130,0
417.8,2720,1.53,23.14,15.3,27,111,1120,0
418.03,2680,1.02,15.44,13.3,29.3,111,1100,0
418.28,2680,1.02,15.31,11,33,111,1070,0
418.52,2680,0.77,11.47,11.4,33,111,1050,0
418.77,2560,2.04,10.64,7.5,37.5,111,1010,0
419,3160,2.55,54.19,42,22.5,110,950,0
419.25,3240,0.51,7.17,15.7,-7.5,109,1160,0
419.49,3160,0.77,18.03,8.2,17.3,109,1060,0
419.72,3160,2.81,48.22,13.3,21,108,1010,0
419.97,3160,3.06,73.25,65.9,12,108,1090,0
420.21,3200,4.84,86.86,99.6,18,108,1410,0
420.46,3200,5.87,95.22,99.6,12,109,1710,0
420.69,3240,6.12,94.94,98.8,9,109,1820,0
420.94,3240,6.12,92,99.6,7.5,110,1860,0
421.17,3280,6.12,94.64,99.6,7.5,111,1860,0
421.42,3320,5.61,96.56,99.6,8.3,112,1870,0
421.66,3320,5.61,98.56,99.6,8.3,113,1880,0
421.94,3360,5.61,98.83,99.6,6,114,1870,0
422.17,3400,6.12,97.06,99.6,6.8,115,1860,0
422.43,3440,6.12,93.86,99.6,6.8,116,1850,0
422.66,3440,6.12,94.25,99.6,7.5,117,1820,0
422.91,3440,1.28,8.22,36.1,-5.3,118,1600,0
423.17,3280,0.51,1.72,7.1,-4.5,119,1270,0
423.41,3080,0.51,8.08,8.2,-3,118,1110,0
423.66,2920,0.51,9.47,8.6,-3.8,118,1040,0
423.89,2760,0.51,9.81,8.6,-4.5,117,1000,0
424.14,2800,0.51,10.08,8.6,-1.5,116,980,0
424.38,2800,0.51,10.36,8.6,-1.5,116,960,0
424.63,2760,0.51,10.58,8.6,-1.5,115,960,0
424.86,2760,0.77,10.69,8.6,-1.5,114,950,0
425.11,2760,0.77,10.86,8.6,-1.5,114,950,0
425.35,2720,0.51,10.14,8.6,-1.5,113,960,0
425.59,2680,0.51,10.08,8.2,7.5,113,950,0
425.83,2680,1.02,14.17,9,18.8,112,950,0
426.07,2680,1.02,16.75,10.6,25.5,111,950,0
426.32,2680,1.02,16,12.2,27,111,960,0
426.55,2640,1.02,15.69,11.8,27.8,110,970,0
426.81,2640,1.02,15.75,11.4,27.8,110,980,0
427.05,2640,1.02,14,11,28.5,109,980,0
427.31,2600,0.77,8.44,10.2,28.5,109,990,0
427.55,2600,0.51,8.28,7.5,15.8,108,980,0
427.8,2600,0.51,8.22,7.1,21,108,970,0
428.04,2560,0.51,8.31,7.5,21.8,107,960,0
428.29,2560,0.51,8.94,7.5,31.5,106,950,0
428.51,2560,1.02,12.25,8.2,28.5,106,950,0
428.75,2520,1.02,13.28,9.8,27,105,950,0
429,2520,1.02,14,10.6,26.3,105,950,0
429.23,2520,1.02,15.11,11,24.8,104,950,0
429.49,2480,1.28,15.47,11,22.5,103,960,0
429.72,2480,1.02,14.69,11.4,17.3,103,970,0
429.97,2480,1.02,14.94,11.4,15.8,102,970,0
430.2,2440,1.28,14.64,11.4,15,102,970,0
430.47,2440,1.28,15.17,11.4,15.8,101,980,0
430.7,2440,1.02,14.5,11,24,101,980,0
430.96,2440,1.02,13.78,10.6,30,101,980,0
431.21,2400,1.02,13.39,10.2,33,100,980,0
431.43,2400,1.02,13.47,9.8,33,100,980,0
431.69,2400,1.02,13.22,10.2,33.8,99,980,0
431.92,2360,1.02,13.25,10.2,33.8,98,980,0
432.17,2360,1.28,14.19,10.2,33.8,98,970,0
432.41,2360,1.02,13.5,10.6,32.3,97,980,0
432.67,2320,1.02,12.89,9.8,33,97,980,0
432.91,2320,1.02,13.22,10.2,33,96,980,0
433.16,2320,1.02,13.42,10.2,33,96,980,0
433.4,2320,1.02,13.28,10.2,33,95,980,0
433.66,2280,1.02,13.5,10.2,33,95,980,0
433.9,2280,1.02,12.89,9.8,33,95,980,0
434.14,2280,1.02,13.11,10.2,33,94,970,0
434.39,2240,1.02,8.89,9.8,33,94,980,0
434.63,2200,0.51,5.78,6.3,34.5,93,970,0
434.88,2240,0.51,6.14,5.5,4.5,92,970,0
435.11,2200,0.51,6.69,6.3,-4.5,92,960,0
435.36,2160,0,7.03,6.3,-4.5,91,950,0
435.6,2160,0,7.19,6.3,6,90,950,0
435.86,2160,0,7.33,6.3,-5.3,89,950,0
436.1,2120,0,6.92,6.3,-5.3,89,950,0
436.35,2120,0,6.86,6.3,-4.5,88,950,0
436.6,2080,0,6.97,5.9,-4.5,87,950,0
436.85,2080,0,6.47,5.9,-5.3,87,950,0
437.08,2040,0,6.56,5.9,-4.5,86,950,0
437.33,2040,0,6.39,5.9,-5.3,85,950,0
437.57,2040,0,6.36,5.9,-4.5,85,950,0
437.8,2000,0,6.33,5.9,-4.5,84,950,0
438.06,2000,0,6.22,5.5,-4.5,83,950,0
438.3,1960,0,6.11,5.5,-4.5,83,950,0
438.55,1960,0,5.94,5.5,-5.3,82,950,0
438.78,1960,0,6.06,5.5,-5.3,81,950,0
439.05,1920,0,6.11,5.5,-5.3,80,950,0
439.28,1920,0,5.92,5.5,-6,80,950,0
439.53,1880,0,6.19,5.5,-6,79,950,0
439.77,1880,0,5.86,5.5,-6,78,950,0
440.01,1880,0,6,5.5,-6,78,950,0
440.25,1840,0,5.83,5.5,-6,77,950,0
440.49,1840,0,5.89,5.5,-6.8,77,950,0
440.73,1800,0,5.92,5.1,-6.8,76,950,0
440.97,1800,0,5.61,5.1,-6.8,75,950,0
441.22,1760,0,5.61,5.1,-7.5,75,950,0
441.45,1760,0,5.47,5.1,-7.5,74,950,0
441.7,1720,0,5.58,5.1,-7.5,73,940,0
441.95,1720,0,5.5,5.1,-7.5,72,940,0
442.21,1680,0,5.53,5.1,-7.5,71,940,0
442.44,1680,0,5.39,5.1,-7.5,71,940,0
442.69,1640,0,5.19,5.1,-7.5,70,940,0
442.94,1640,0,5.31,4.7,-7.5,69,940,0
443.2,1640,0.77,5.06,4.7,-7.5,68,940,0
443.44,1600,1.53,9.89,6.7,12,67,930,0
443.67,1600,2.29,14.97,11.4,18,67,930,0
443.93,1600,2.29,14.58,12.2,21,66,940,0
444.16,1600,2.04,14.64,12.2,24.8,66,950,0
444.41,1600,2.29,14.86,12.2,25.5,66,960,0
444.65,1560,2.04,14.06,11.8,25.5,66,970,0
444.9,1560,2.04,14.08,11.4,26.3,65,970,0
445.14,1560,2.04,13.03,11,26.3,65,980,0
445.4,1560,1.53,10.69,10.2,26.3,65,980,0
445.64,1560,1.28,8.17,7.8,28.5,65,970,0
445.89,1560,1.02,7.19,7.1,30,65,970,0
446.13,1560,1.02,7.39,6.7,30.8,64,960,0
446.38,1520,1.02,7.44,6.7,30.8,64,950,0
446.61,1520,1.02,7.08,6.7,30.8,64,950,0
446.85,1520,1.02,7.67,6.7,30.8,63,940,0
447.11,1520,1.02,8.17,7.1,29.3,63,940,0
447.35,1520,1.02,8.25,7.5,29.3,63,940,0
447.6,1520,1.02,8.47,7.5,29.3,62,930,0
447.83,1480,1.28,8.39,7.5,29.3,62,930,0
448.08,1480,1.02,8.08,7.5,29.3,62,930,0
448.31,1480,1.02,6.47,6.7,30,62,930,0
448.57,1480,1.02,6.5,5.9,30.8,62,930,0
448.8,1480,0.77,6.19,5.9,30.8,61,930,0
449.05,1480,0.77,6.22,5.9,30.8,61,930,0
449.29,1480,0.77,6.28,5.9,30,61,930,0
449.52,1480,0.77,6.36,5.9,30,61,930,0
449.76,1440,0.77,6.64,5.9,30,60,930,0
450,1440,0.77,6.47,6.3,30,60,920,0
450.25,1440,1.02,6.53,6.3,30.8,60,920,0
450.48,1440,0.77,6.69,6.3,30,60,920,0
450.74,1440,1.02,6.86,6.3,30,60,920,0
450.97,1440,1.02,7.31,6.7,29.3,60,920,0
451.22,1440,1.28,9.08,7.1,29.3,59,920,0
451.45,1440,1.28,9.67,8.6,27,59,920,0
451.7,1440,1.79,12.03,9,26.3,59,920,0
451.94,1440,2.04,12.83,11,24,59,930,0
452.17,1440,2.04,13.39,11.4,24,59,940,0
452.43,1440,2.04,14.08,11.8,23.3,60,950,0
452.66,1440,2.04,14.17,11.8,23.3,60,950,0
452.91,1480,2.04,13.94,11.8,24,60,960,0
453.15,1480,2.04,13.64,11.8,24,60,970,0
453.41,1480,2.04,12.86,11.4,24.8,61,970,0
453.66,1480,1.79,12.5,10.6,24,61,980,0
453.92,1480,1.79,12,10.2,24.8,61,980,0
454.16,1480,1.79,11.94,9.8,25.5,61,980,0
454.41,1480,1.79,12,9.8,25.5,61,970,0
454.65,1480,1.79,11.94,9.8,25.5,62,970,0
454.88,1520,1.79,12.17,9.8,25.5,62,970,0
455.14,1520,1.79,11.83,9.8,25.5,62,970,0
455.38,1520,1.53,11.81,9.8,25.5,62,970,0
455.63,1520,1.53,11.61,9.4,26.3,63,970,0
455.86,1520,1.53,11.75,9.4,26.3,63,970,0
456.11,1560,1.53,11.22,9.4,26.3,63,970,0
456.34,1520,1.53,12.11,9.4,26.3,63,970,0
456.59,1560,1.79,12.08,9.8,26.3,64,970,0
456.83,1560,1.53,12.03,9.8,26.3,64,970,0
457.08,1560,1.53,12.39,9.8,26.3,64,970,0
457.32,1560,1.79,12.11,10.2,26.3,64,970,0
457.57,1560,1.79,12.58,10.2,26.3,64,970,0
457.8,1560,1.53,12.19,10.2,26.3,64,970,0
458.03,1560,1.53,10.78,10.2,26.3,64,970,0
458.28,1560,1.53,9.39,9,27,64,970,0
458.52,1560,1.02,8.58,7.5,27.8,64,970,0
458.77,1560,1.02,8.44,7.5,29.3,64,960,0
459,1560,1.02,8.53,7.5,29.3,64,960,0
459.25,1560,1.28,8.78,7.5,29.3,64,950,0
459.49,1560,1.02,8.81,7.5,29.3,64,950,0
459.74,1560,1.28,9.17,7.5,29.3,64,950,0
459.97,1560,1.02,8.64,7.5,29.3,64,950,0
460.22,1560,1.02,7.03,7.5,29.3,64,940,0
460.47,1560,0.77,5.64,6.3,29.3,64,940,0
460.71,1520,0.77,5.28,5.1,31.5,64,940,0
460.95,1520,0.51,4.86,4.7,32.3,64,940,0
461.19,1520,0.51,4.67,4.7,32.3,64,930,0
461.44,1520,0.51,4.53,4.7,30,63,930,0
461.67,1520,0.51,4.03,3.9,24.8,63,930,0
461.92,1520,0.51,4.08,3.9,17.3,63,930,0
462.16,1520,0.51,4.28,3.9,10.5,63,930,0
462.4,1520,0.51,4.72,3.9,-3.8,63,920,0
462.65,1520,0.51,4.81,4.7,-6.8,62,920,0
462.89,1480,0.51,4.72,4.7,-6.8,62,920,0
463.13,1480,0.77,4.67,4.7,-2.3,62,920,0
463.36,1480,0,4.75,4.7,-4.5,62,920,0
463.61,1480,0,4.69,4.7,-6.8,61,920,0
463.84,1480,0,4.89,4.7,-6.8,61,920,0
464.11,1440,0,4.42,4.3,-6.8,61,920,0
464.34,1440,0,4.58,4.3,-6.8,60,920,0
464.61,1440,0,4.58,4.3,-6.8,60,930,0
464.85,1400,0,4.61,4.3,-6.8,59,930,0
465.12,1400,0,4.72,4.3,-6.8,59,930,0
465.35,1360,0,4.53,4.3,-6.8,58,930,0
465.6,1360,0,4.47,4.3,-6.8,57,930,0
465.83,1320,0,4.17,4.3,-8.3,56,930,0
466.1,1280,0,4.25,3.9,-8.3,55,930,0
466.33,1240,0,4.08,3.9,-8.3,54,930,0
466.58,1240,0,4.03,3.9,-8.3,52,930,0
466.81,1200,0,3.92,3.9,-8.3,51,920,0
467.05,1200,0,3.72,3.9,-8.3,50,920,0
467.3,1160,0,3.83,3.9,-8.3,50,920,0
467.53,1160,0,3.67,3.5,-8.3,49,920,0
467.78,1160,0,3.69,3.5,-8.3,48,920,0
468.01,1120,0,3.67,3.5,-8.3,48,920,0
468.27,1080,0,3.42,3.5,-8.3,47,920,0
468.5,1080,0,3.47,3.5,-8.3,46,920,0
468.75,1040,0,3.56,3.5,-8.3,45,920,0
468.98,1000,0.77,3.17,3.1,-8.3,44,920,0
469.24,1000,0.77,3.03,3.1,-6.8,43,920,0
469.48,960,0.77,3.03,3.1,-6,41,920,0
469.75,880,0.77,2.67,3.1,-6.8,40,920,0
469.99,800,0.77,2.36,2.7,-5.3,38,920,0
470.24,760,0.77,2.19,2.4,-3,36,920,0
470.47,720,0.77,2.56,2.4,0,35,910,0
470.71,760,0.77,2.47,2.7,0,33,910,0
470.96,760,1.02,2.5,2.7,-1.5,31,910,0
471.19,760,1.02,2.53,2.7,-1.5,30,910,0
471.43,760,1.02,2.5,2.7,-1.5,28,910,0
471.67,720,1.02,2.56,2.7,-1.5,26,910,0
471.92,720,1.02,2.22,2.4,-1.5,24,910,0
472.15,720,1.02,2.56,2.4,1.5,22,910,0
472.41,720,1.02,2.61,2.7,0,20,910,0
472.64,720,1.02,2.33,2.7,0,18,910,0
472.9,720,1.02,2.47,2.4,0.8,16,910,0
473.13,720,1.02,2.36,2.4,0,14,910,0
473.36,720,1.02,2.44,2.4,1.5,12,910,0
473.61,720,1.02,2.47,2.7,1.5,11,910,0
473.85,760,1.02,2.39,2.7,0.8,10,910,0
474.1,760,2.29,5.19,2.7,9.8,9,910,0
474.33,1120,3.57,13.42,13.7,6.8,9,900,0
474.59,1320,1.28,5.17,5.9,-16.5,8,920,0
474.83,1200,1.28,5.86,6.3,21.8,8,920,0
475.1,1120,1.79,7.83,6.3,21,9,920,0
475.34,1200,1.79,8.44,7.5,23.3,9,920,0
475.6,1280,1.79,8.58,7.8,24,10,920,0
475.83,1200,1.28,3.94,5.1,-9.8,10,920,0
476.08,1160,0.77,3.39,3.1,-10.5,11,920,0
476.33,1080,0.77,3.28,3.5,-8.3,11,920,0
476.58,960,0.77,2.92,3.5,-8.3,11,920,0
476.82,880,0.77,2.44,2.7,-6.8,10,920,0
477.05,800,0.51,2.08,2.4,-5.3,8,920,0
477.32,720,0.77,2,2.4,-0.8,7,910,0
477.55,680,1.02,2.28,2,11.3,5,910,0
477.8,720,2.29,6.22,3.9,9,4,910,0
478.04,1040,2.81,12.94,10.6,6.8,3,900,0
478.28,1600,2.55,18.78,12.2,16.5,3,910,0
478.52,1880,2.29,22.58,18.4,24,3,920,0
478.78,1960,2.55,24.64,19.6,27.8,4,960,0
479.02,1920,2.04,21.86,17.6,15,5,1010,0
479.27,1880,2.04,18.58,16.1,17.3,7,1040,0
479.5,1760,2.29,18.14,14.5,21,9,1040,0
479.75,1640,2.04,16.11,13.7,16.5,11,1040,0
479.99,1800,1.79,15.78,12.2,15,13,1040,0
480.22,1880,1.79,16.97,12.5,24,14,1030,0
480.49,2000,1.79,17.61,12.9,30.8,16,1030,0
480.72,2160,1.53,18.72,13.3,30.8,17,1030,0
480.97,2280,1.79,20.92,13.7,30.8,18,1030,0
481.2,2400,1.79,21.17,14.5,30,19,1040,0
481.46,2560,1.79,26.92,15.7,28.5,20,1050,0
481.69,2720,2.04,35.86,17.3,27,21,1060,0
481.94,2960,2.55,45.36,23.5,24.8,23,1110,0
482.18,3240,2.55,50.14,24.3,24,25,1160,0
482.43,3520,2.81,57.36,29,23.3,27,1160,0
482.67,3880,2.55,61.69,34.5,24,29,1160,0
482.92,4120,2.55,63.22,37.3,24,32,1140,0
483.16,4440,2.04,60.19,38.4,25.5,35,1130,0
483.39,4320,0,9.94,19.6,24,37,1160,0
483.64,4000,0,13.94,10.6,0,39,1060,0
483.88,3640,0,13.83,11.4,-2.3,39,1020,0
484.14,3320,0.51,14.19,10.6,-3.8,40,990,0
484.38,3120,0.51,12.08,10.2,0.8,40,980,0
484.63,2840,1.53,19.78,11.4,19.5,40,960,0
484.87,2920,2.29,40.33,25.1,22.5,41,920,0
485.12,3080,2.55,52.31,27.8,19.5,42,1060,0
485.36,3200,2.55,48.22,27.5,22.5,43,1140,0
485.62,3320,2.55,48.5,27.1,23.3,44,1150,0
485.86,3440,2.55,50.28,27.5,24,46,1150,0
486.1,3560,2.55,50.06,27.8,24.8,48,1150,0
486.35,3680,2.55,52.86,28.2,24,50,1140,0
486.58,3800,2.55,54.28,29,24.8,51,1140,0
486.83,3920,2.29,55.06,29.8,24.8,53,1140,0
487.07,4000,2.29,51.14,28.6,25.5,54,1150,0
487.31,4120,2.29,53.11,26.7,15,56,1150,0
487.55,4120,0,16.61,22,24,57,1140,0
487.8,3880,0,13.83,10.6,-2.3,58,1060,0
488.03,3560,0,12.86,11,-3,59,1020,0
488.29,3240,0.51,12.28,10.6,-3.8,59,990,0
488.52,3000,0.77,11,9.8,-3.8,59,980,0
488.75,2920,1.28,18.61,9.4,15.8,59,960,0
489,2960,1.53,20.03,14.9,21,59,950,0
489.23,2960,1.28,19.5,14.1,24,59,990,0
489.49,3000,1.28,18.28,13.3,33,60,1010,0
489.72,3000,1.28,17.72,12.2,34.5,60,1020,0
489.97,3040,1.28,17,12.5,35.3,61,1020,0
490.2,3040,1.02,16.56,12.2,36,61,1020,0
490.47,3040,0.77,15.31,11.8,36.8,61,1010,0
490.7,3040,1.02,16.28,11.4,36,62,1010,0
490.98,3080,0.77,15.11,11.4,36,62,1010,0
491.22,3080,0.77,14.28,11,36.8,62,1000,0
491.49,3080,0.77,14.31,11,36.8,62,1000,0
491.72,3120,0.77,14.14,10.6,36,62,990,0
491.99,3120,0.77,14.06,11,36,63,990,0
492.22,3120,0.77,13.92,10.6,36.8,63,990,0
492.46,3120,0.77,13.67,10.6,36.8,63,990,0
492.71,3120,0.77,13.64,10.6,36.8,63,980,0
492.94,3160,0.77,13.67,10.6,36.8,63,980,0
493.19,3160,0.77,13.36,10.6,36,64,980,0
493.43,3160,0.77,14.47,10.2,36.8,64,980,0
493.67,3160,1.28,21.5,12.5,36,64,980,0
493.91,3200,1.79,37.53,19.2,33,64,980,0
494.16,3240,2.04,40.03,20.4,27.8,64,1080,0
494.39,3280,2.04,37.72,20,27,65,1160,0
494.65,3320,2.04,35.64,19.6,27,66,1170,0
494.88,3360,2.04,36.08,19.6,27,67,1160,0
495.11,3400,2.04,38.69,20,27.8,67,1140,0
495.36,3440,2.04,38.36,20.8,27.8,68,1140,0
495.6,3480,2.04,40.06,21.2,27,69,1150,0
495.85,3520,2.04,38.89,20.8,27.8,70,1140,0
496.08,3520,1.79,34.83,20.8,27,71,1150,0
496.34,3560,1.79,33.33,18.8,29.3,71,1140,0
496.58,3560,1.79,37.33,19.2,29.3,72,1120,0
496.83,3560,2.04,39.64,20.8,27.8,72,1140,0
497.08,3600,2.04,39.11,20.8,27.8,72,1150,0
497.33,3600,1.79,34.78,20.8,27.8,73,1150,0
497.56,3600,1.02,18.5,16.1,29.3,73,1100,0
497.8,3600,0.77,14.08,13.3,32.3,73,1060,0
498.06,3600,0.77,12.81,10.6,32.3,73,1020,0
498.3,3600,0.51,12.83,10.2,32.3,73,990,0
498.55,3560,0.77,13.5,10.6,16.5,73,980,0
498.78,3560,0.77,13,10.6,6.8,73,970,0
499.05,3520,0.77,13.17,10.6,3.8,72,970,0
499.28,3520,0.77,13.69,10.6,0,72,970,0
499.53,3480,0.77,13.97,10.6,-3,71,970,0
499.77,3480,0.77,13.67,10.6,-3.8,71,970,0
500.02,3440,0,12.58,10.6,-4.5,71,980,0
500.25,3400,0,12.33,10.2,-4.5,70,980,0
500.49,3400,0,12.22,10.2,-3.8,69,980,0
500.75,3360,0,12.64,9.8,-3.8,69,970,0
500.99,3320,0,11.97,9.8,-3.8,68,970,0
501.24,3320,0,11.64,9.8,-3.8,68,970,0
501.47,3280,0,11.89,9.4,-3.8,67,970,0
501.72,3240,0,11.42,9.4,-3.8,67,970,0
501.95,3240,0,11.61,9.4,-3.8,66,960,0
502.2,3200,0,11.53,9.4,-3.8,66,960,0
502.44,3160,0,11.22,9.4,-3.8,65,960,0
502.69,3160,0,11.25,9.4,-3.8,65,960,0
502.92,3120,0,11.33,9,-3.8,64,960,0
503.16,3080,0,11.17,9,-3.8,64,960,0
503.41,3040,0,10.61,9,-3.8,63,960,0
503.65,3040,0,10.75,9,-3.8,62,960,0
503.89,3000,0,10.78,9,-3.8,62,960,0
504.13,3000,0,10.5,9,-3.8,61,960,0
504.38,2960,0,10.39,8.6,-3.8,61,960,0
504.61,2960,0,9.81,8.6,-4.5,60,960,0
504.86,2920,0,10.39,8.6,-4.5,60,970,0
505.1,2920,0,10.56,8.6,-4.5,60,970,0
505.35,2880,0,10.14,8.6,-4.5,59,960,0
505.58,2840,0,10.06,8.6,-4.5,58,960,0
505.81,2840,0,10.22,8.2,-4.5,58,960,0
506.06,2800,0,10.14,8.2,-4.5,58,970,0
506.3,2760,0,9.44,8.2,-4.5,57,960,0
506.56,2680,0,9.11,8.2,-5.3,56,960,0
506.79,2600,0,9.08,7.8,-5.3,55,960,0
507.06,2560,0,8.97,7.8,-5.3,54,960,0
507.3,2480,0,8.5,7.5,-4.5,52,960,0
507.55,2440,0,8.56,7.5,-5.3,51,960,0
507.78,2360,0,8,7.1,-5.3,50,950,0
508.03,2280,0,7.56,7.1,-5.3,49,950,0
508.27,2200,0,7.25,6.7,-5.3,47,950,0
508.5,2160,0,7,6.7,-5.3,46,950,0
508.75,2080,0,6.72,6.3,-5.3,44,950,0
508.98,2000,0,6.5,5.9,-5.3,43,950,0
509.24,1920,0,6,5.5,-5.3,41,950,0
509.47,1840,0,5.83,5.5,-6,40,950,0
509.72,1760,0,5.5,5.5,-6.8,38,950,0
509.95,1560,0,4.78,5.1,-7.5,36,950,0
510.2,1320,0,4.44,4.7,-6.8,35,940,0
510.44,1240,0.77,4.97,3.9,-7.5,33,940,0
510.69,1360,1.02,5.69,5.5,20.3,31,930,0
510.93,1320,0.77,4.08,3.9,-9,29,930,0
511.16,1200,0.77,3.94,3.9,-8.3,27,930,0
511.41,1120,0.77,3.58,3.9,-8.3,25,930,0
511.64,1040,0.77,3.22,3.5,-8.3,23,920,0
511.89,920,0.51,2.67,3.1,-0.8,22,920,0
512.13,880,0.51,2.19,2.4,-6,21,920,0
512.4,840,1.53,7.86,2.4,11.3,20,920,0
512.65,1280,1.79,9.72,10.6,14.3,20,910,0
512.9,1520,0.77,4.61,4.7,-9,20,920,0
513.12,1400,1.02,6.25,5.5,28.5,20,920,0
513.38,1440,1.28,9.86,7.1,21,20,920,0
513.61,1480,1.53,11.72,9,22.5,20,920,0
513.86,1560,2.04,16.14,11,25.5,21,920,0
514.1,1600,2.04,17.17,14.5,24.8,21,930,0
514.32,1680,2.04,18.5,15.3,25.5,22,950,0
514.59,1800,2.04,19.75,15.7,26.3,23,970,0
514.83,1880,2.29,21,15.7,27,24,990,0
515.07,1960,1.79,20.11,15.7,28.5,26,1010,0
515.32,2040,1.79,19.58,14.9,30,27,1030,0
515.56,2120,1.79,19.14,14.1,30.8,28,1040,0
515.8,2160,1.53,18.69,13.7,30.8,29,1040,0
516.05,2240,1.53,17.44,13.3,31.5,30,1040,0
516.28,2280,1.53,17.31,12.5,30.8,31,1040,0
516.53,2320,1.28,16.06,12.2,30.8,32,1030,0
516.77,2360,1.28,15.75,12.2,30.8,33,1030,0
517,2400,1.28,15.69,11.8,31.5,33,1020,0
517.26,2480,1.28,15.83,11.8,31.5,34,1010,0
517.49,2480,1.28,14.94,11.4,32.3,35,1010,0
517.75,2560,1.28,15.56,11.4,33,35,1000,0
517.99,2560,1.28,15.25,11.4,33,36,1000,0
518.23,2640,1.02,15.42,11.4,33.8,36,1000,0
518.47,2640,1.02,13.94,11,34.5,37,1000,0
518.72,2680,1.02,14.03,10.6,36,37,990,0
518.95,2680,1.02,13.31,10.6,36,38,990,0
519.2,2720,0.77,12.19,10.2,36,38,990,0
519.44,2720,0.77,10.53,9,37.5,38,980,0
519.68,2760,0.77,11.53,9,39,39,970,0
519.92,2760,0.77,10.17,8.6,39,39,970,0
520.16,2760,0.77,10.28,8.6,36,39,970,0
520.41,2800,0.77,10.31,8.6,35.3,39,960,0
520.65,2800,0.51,9.5,8.6,35.3,40,960,0
520.89,2800,0.51,9.61,8.2,35.3,40,960,0
521.13,2840,0.51,9.25,7.8,35.3,40,960,0
521.39,2840,0.51,9.22,8.2,30.8,40,950,0
521.63,2840,0.51,9.25,8.2,21,40,950,0
521.88,2880,0.51,9.89,8.2,21,40,950,0
522.11,2880,0.51,9.33,8.2,19.5,41,950,0
522.36,2880,0.51,9.36,8.2,19.5,41,950,0
522.59,2880,0.51,9.5,8.2,17.3,41,950,0
522.83,2920,0.51,9.56,8.2,14.3,41,950,0
523.09,2920,0.51,9.58,8.2,10.5,41,950,0
523.33,2920,0.51,9.5,8.2,10.5,41,950,0
523.59,2920,0.51,9.44,8.2,9.8,42,950,0
523.83,2920,0.51,9.72,8.2,8.3,42,950,0
524.08,2920,0.51,9.47,8.2,8.3,42,950,0
524.32,2920,0.51,9.44,8.2,7.5,42,950,0
524.56,2920,0.51,9.81,8.2,6.8,42,950,0
524.8,2920,0.51,9.22,8.2,3,42,960,0
525.07,2920,0.51,9.31,8.2,-2.3,42,950,0
525.3,2920,0.51,9.33,8.2,-3.8,41,950,0
525.55,2920,0.51,9.06,8.2,-4.5,41,950,0
525.78,2920,0.51,9.28,8.2,-4.5,41,950,0
526.02,2920,0.51,9.22,8.2,-2.3,41,950,0
526.27,2920,0.51,9.44,8.2,-1.5,41,950,0
526.5,2920,0.51,9.44,8.2,-1.5,41,950,0
526.75,2920,0.51,9.25,7.8,-1.5,41,950,0
526.98,2920,0.51,9.19,8.2,-1.5,41,950,0
527.24,2920,0.51,9.11,8.2,-1.5,41,950,0
527.46,2880,0.51,9.31,7.8,-1.5,41,950,0
527.72,2920,0.51,9.31,8.2,-1.5,41,950,0
527.95,2880,0.51,9.33,8.2,-1.5,41,950,0
528.21,2880,0.51,9.22,7.8,-1.5,41,950,0
528.45,2880,0.51,9.42,7.8,-1.5,41,950,0
528.71,2880,0.51,9.03,7.8,-1.5,41,950,0
528.94,2880,0.51,8.86,7.8,-1.5,41,950,0
529.17,2880,0.51,9.06,7.8,-1.5,41,950,0
529.42,2880,0.51,9.22,7.8,-1.5,41,950,0
529.66,2880,0.51,9.17,7.8,-1.5,41,950,0
529.92,2880,0.51,9.17,7.8,-1.5,41,950,0
530.16,2880,0.51,9.22,7.8,-1.5,41,950,0
530.41,2880,0.51,9.08,7.8,-1.5,41,950,0
530.64,2840,0.51,9,7.8,-1.5,41,950,0
530.89,2840,0.51,9.31,7.8,-1.5,41,950,0
531.13,2880,0.51,9,7.8,-1.5,41,950,0
531.37,2840,0.51,8.97,7.8,-1.5,41,950,0
531.61,2880,0.51,9.14,7.8,-1.5,41,950,0
531.84,2880,0.51,9.11,7.8,-1.5,41,950,0
532.11,2840,0.51,9.03,7.8,-1.5,41,950,0
532.35,2880,0.51,9.14,7.8,-1.5,41,950,0
532.62,2880,0.51,9.03,7.8,-1.5,41,950,0
532.85,2840,0.51,9.97,7.8,-1.5,41,950,0
533.1,2840,0.77,9.86,8.6,-1.5,41,950,0
533.35,2840,0.77,10.31,8.6,-1.5,41,950,0
533.61,2880,0,9.92,8.6,-1.5,41,950,0
533.85,2840,0,9.78,8.6,-1.5,41,950,0
534.1,2840,0,9.94,8.6,-1.5,40,950,0
534.33,2800,0,9.81,8.2,-1.5,40,960,0
534.58,2760,0,10.33,8.2,-1.5,40,960,0
534.81,2760,0,9.5,8.2,-4.5,40,960,0
535.05,2720,0,9.56,8.2,-4.5,39,960,0
535.3,2720,0,9.39,8.2,-4.5,39,960,0
535.55,2680,0,9.19,8.2,-4.5,39,960,0
535.8,2680,0,9.17,7.8,-4.5,38,960,0
536.03,2640,0,9.33,7.8,-4.5,38,960,0
536.28,2600,0,9.11,7.8,-4.5,38,960,0
536.52,2600,0,9.14,7.8,-4.5,37,960,0
536.77,2560,0,8.56,7.8,-4.5,37,960,0
537,2560,0,9,7.8,-4.5,37,960,0
537.27,2520,0,8.25,7.5,-4.5,36,960,0
537.51,2520,0,8.5,7.5,-4.5,36,960,0
537.75,2480,0,8.5,7.5,-4.5,36,960,0
537.99,2440,0,8.17,7.5,-5.3,35,950,0
538.22,2440,0,8.31,7.5,-5.3,35,950,0
538.47,2440,0,8.31,7.5,-5.3,35,950,0
538.7,2400,0,8.03,7.5,-5.3,35,950,0
538.95,2400,0,8.19,7.1,-5.3,34,950,0
539.19,2360,0,7.89,7.1,-5.3,34,950,0
539.44,2360,0,7.69,7.1,-5.3,34,950,0
539.67,2360,0,7.92,7.1,-5.3,34,950,0
539.93,2320,0,7.67,7.1,-5.3,33,950,0
540.17,2320,0,8,7.1,-5.3,33,950,0
540.42,2280,0,7.64,7.1,-5.3,33,950,0
540.66,2280,0,7.58,6.7,-5.3,33,950,0
540.93,2240,0,7.36,6.7,-5.3,32,950,0
541.16,2240,0,7.28,6.7,-5.3,32,950,0
541.4,2200,0,7.28,6.7,-5.3,32,950,0
541.65,2200,0,7.17,6.7,-5.3,32,950,0
541.88,2160,0,7.31,6.7,-4.5,31,950,0
542.13,2160,0,7,6.7,-5.3,31,950,0
542.37,2160,0,7.17,6.3,-5.3,31,950,0
542.65,2120,0,6.89,6.3,-5.3,31,950,0
542.89,2120,0,6.58,6.3,-5.3,30,950,0
543.14,2120,0,6.72,6.3,-4.5,30,950,0
543.38,2080,0,6.67,6.3,-5.3,30,950,0
543.63,2080,0,6.53,6.3,-4.5,30,950,0
543.86,2040,0,6.83,6.3,-4.5,29,950,0
544.12,2040,0,6.47,6.3,-5.3,29,950,0
544.36,2040,0,6.78,5.9,-4.5,29,950,0
544.59,2000,0,6.22,5.9,-4.5,29,950,0
544.84,2000,0,6.25,5.9,-4.5,29,950,0
545.08,1960,0,6.39,5.9,-4.5,28,950,0
545.33,1960,0,6.42,5.9,-5.3,28,950,0
545.57,1920,0,6.08,5.9,-5.3,28,950,0
545.81,1920,0,6.11,5.5,-5.3,28,950,0
546.05,1920,0,6.25,5.9,-6,27,950,0
546.3,1880,0,5.83,5.5,-6,27,950,0
546.53,1880,0,5.89,5.5,-6,27,950,0
546.78,1840,0,6.22,5.5,-6,27,950,0
547.02,1840,0,5.86,5.5,-6.8,26,950,0
547.25,1840,0,5.94,5.5,-6.8,26,950,0
547.5,1800,0,5.67,5.5,-6.8,26,950,0
547.73,1760,0,5.42,5.5,-6.8,26,950,0
547.99,1720,0,5.53,5.5,-7.5,25,950,0
548.22,1680,0,5.25,5.1,-7.5,25,950,0
548.47,1600,0,5.11,5.1,-7.5,24,950,0
548.71,1560,0,5.11,4.7,-6.8,23,940,0
548.96,1440,0,4.47,4.7,-6.8,22,940,0
549.19,1320,0,4.31,4.3,-6.8,21,940,0
549.44,1200,0,3.92,3.9,-7.5,20,940,0
549.67,1040,0,3.56,3.5,-8.3,18,930,0
549.91,920,0.77,3.11,3.1,18.8,16,930,0
550.16,920,0.77,2.75,3.1,-9,15,930,0
550.39,840,0.77,2.44,2.7,-4.5,13,930,0
550.65,800,0.77,2.56,2.4,-4.5,12,920,0
550.89,760,0.77,2.14,2.4,0,11,920,0
551.14,760,0.77,2.28,2.4,3,10,920,0
551.38,760,0.77,2.36,2.7,3.8,9,920,0
551.63,760,0.77,2.61,2.7,1.5,8,920,0
551.86,760,0.77,2.58,2.7,-1.5,7,920,0
552.13,720,0.77,2.36,2.7,-1.5,7,920,0
552.36,760,1.02,2.44,2.4,-0.8,7,910,0
552.61,760,2.29,7.92,2.4,9.8,7,910,0
552.84,1240,2.81,11.28,13.7,9,6,910,0
553.08,1640,1.53,8.58,8.6,6,6,920,0
553.33,1600,1.28,8.36,7.5,19.5,6,920,0
553.56,1520,1.79,12.14,9,24,6,920,0
553.82,1520,2.04,12.42,10.6,23.3,6,920,0
554.05,1360,1.79,9.94,8.6,6.8,7,930,0
554.3,1160,2.29,10.06,8.6,24,7,940,0
554.54,1040,2.55,9.72,9,21.8,8,940,0
554.8,1080,3.06,11.69,10.2,18.8,8,940,0
555.03,1080,2.29,10.97,10.2,6.8,9,950,0
555.29,1160,2.29,9.75,9.4,11.3,9,950,0
555.52,1200,2.04,10,8.6,15.8,10,950,0
555.77,1240,1.79,10.11,9,21,10,950,0
556,1280,1.79,10.31,9,23.3,10,950,0
556.24,1320,1.79,10.31,9,24,11,950,0
556.49,1360,1.79,10.36,9,21.8,11,950,0
556.72,1400,1.53,9.31,8.2,24.8,11,950,0
556.98,1440,1.53,9.5,8.2,26.3,12,950,0
557.22,1480,1.53,9.81,8.6,26.3,12,950,0
557.47,1480,1.53,9.92,8.2,26.3,12,950,0
557.73,1520,1.53,9.75,8.6,27,13,950,0
557.97,1520,1.28,9.42,8.2,27.8,13,950,0
558.21,1560,1.28,7.92,7.8,29.3,13,950,0
558.45,1520,1.02,7.39,7.1,29.3,13,950,0
558.69,1560,0.77,4.5,5.9,12,13,950,0
558.92,1440,0.51,4.39,4.3,-8.3,13,940,0
559.18,1320,0.51,3.86,3.9,-6.8,13,940,0
559.41,1200,0.51,3.58,3.9,-8.3,13,930,0
559.66,1080,0.51,3.33,3.5,-8.3,13,930,0
559.89,1000,0.51,2.86,3.1,-6.8,12,930,0
560.16,920,0.77,2.64,3.1,-4.5,12,920,0
560.39,840,0.51,2.61,2.4,-3.8,11,920,0
560.65,800,0.51,2.25,2.4,-2.3,10,920,0
560.88,760,0.77,2.31,2.4,0.8,10,920,0
561.14,720,0.77,2.19,2.4,3,9,920,0
561.38,720,0.77,2.39,2.4,6.8,8,920,0
561.61,720,0.77,2.53,2.7,6.8,7,920,0
561.88,760,0.77,2.58,2.7,0,5,920,0
562.11,760,0.77,2.53,2.7,-3,4,910,0
562.37,760,0.77,2.36,2.7,-4.5,3,910,0
562.61,760,0.77,2.33,2.4,-0.8,2,910,0
562.86,720,0.77,2.25,2.4,0.8,1,910,0
563.1,720,0.77,2.14,2.4,3,1,910,0
563.35,720,0.77,2.44,2.4,3,0,910,0
563.58,760,0.77,2.44,2.7,0.8,0,910,0
563.83,760,0.77,2.44,2.7,-1.5,0,910,0
564.06,760,1.02,2.72,2.7,-3,0,910,0
564.31,760,1.02,2.5,2.7,-3.8,0,910,0
564.55,720,0.77,2.53,2.4,-1.5,0,910,0
564.8,720,0.77,2.36,2.4,-1.5,0,910,0
565.05,720,0.77,2.31,2.4,0,0,910,0
565.28,760,0.77,2.25,2.4,0,0,910,0
565.55,760,0.77,2.33,2.4,-0.8,0,910,0
565.78,760,0.77,2.36,2.4,-0.8,0,910,0
566.05,760,0.77,2.36,2.4,0,0,910,0
566.28,760,0.77,2.53,2.4,0,0,910,0
566.53,760,0.77,2.56,2.4,-0.8,0,910,0
566.77,760,0.77,2.36,2.4,-0.8,0,910,0
567.02,760,0.77,2.25,2.7,-0.8,0,910,0
567.25,760,0.77,2.36,2.4,-0.8,0,910,0
567.48,760,0.77,2.36,2.4,-1.5,0,910,0
567.73,760,0.77,2.28,2.4,-0.8,0,910,0
567.97,760,0.77,2.44,2.4,0,0,910,0
568.22,760,0.77,2.61,2.7,-2.3,0,910,0
568.45,760,0.77,2.47,2.4,-3,0,910,0
568.7,760,0.77,2.31,2.4,-2.3,0,910,0
568.94,720,0.77,2.31,2.4,-0.8,0,910,0
569.19,720,0.77,2.14,2.4,0,0,910,0
569.42,720,0.77,2.33,2.4,0.8,0,910,0
569.69,720,0.77,2.31,2.4,0.8,0,910,0
569.92,720,0.77,2.47,2.4,0,0,910,0
570.16,720,0.77,2.44,2.4,-0.8,0,910,0
570.41,760,0.77,2.44,2.4,-0.8,0,910,0
570.64,760,0.77,2.39,2.4,-1.5,0,910,0
570.89,760,0.77,2.5,2.4,-0.8,0,910,0
571.13,760,0.77,2.5,2.4,-1.5,0,910,0
571.38,760,0.77,2.31,2.4,-2.3,0,910,0
571.61,760,0.77,2.42,2.4,-1.5,0,910,0
571.86,720,0.77,2.42,2.4,-0.8,0,910,0
572.1,720,0.77,2.42,2.4,-0.8,0,910,0
572.35,720,0.77,2.36,2.4,-1.5,0,910,0
572.58,720,0.77,2.31,2.4,0,0,910,0
572.82,760,0.77,2.39,2.4,0.8,0,910,0
573.07,760,0.77,2.56,2.4,-0.8,0,910,0
573.3,720,0.77,2.22,2.4,-0.8,0,910,0
573.55,760,0.77,2.22,2.4,-0.8,0,910,0
573.8,720,0.77,2.22,2.4,1.5,0,910,0
574.07,720,0.77,2.33,2.4,0,0,910,0
574.3,760,0.77,2.53,2.4,0,0,910,0
574.55,720,0.77,2.44,2.4,-1.5,0,910,0
574.78,720,0.77,2.44,2.4,-0.8,0,910,0
575.03,720,0.77,2.28,2.4,-1.5,0,910,0
575.27,720,0.77,2.33,2.4,0,0,910,0
575.52,720,0.77,2.44,2.4,0,0,910,0
575.75,720,0.77,2.22,2.4,0,0,910,0
576.01,720,0.77,2.36,2.4,2.3,0,910,0
576.26,760,0.77,2.5,2.7,0.8,0,910,0
576.52,760,0.77,2.42,2.4,-0.8,0,910,0
576.75,720,0.77,2.53,2.4,-0.8,0,910,0
576.98,720,0.77,2.42,2.4,-0.8,0,910,0
577.24,720,0.77,2.44,2.4,-0.8,0,910,0
577.47,720,0.77,2.17,2.4,0.8,0,910,0
577.72,720,0.77,2.31,2.4,0.8,0,910,0
577.95,720,0.77,2.36,2.4,0.8,0,910,0
578.2,720,0.77,2.42,2.4,0,0,910,0
578.43,720,0.77,2.39,2.4,0.8,0,910,0
578.69,720,0.77,2.44,2.4,0.8,0,910,0
578.93,720,0.77,2.44,2.4,0,0,910,0
579.17,760,0.77,2.25,2.4,-1.5,0,910,0
579.41,760,0.77,2.33,2.4,0.8,0,910,0
579.65,760,0.77,2.5,2.4,0.8,0,910,0
579.89,760,0.77,2.58,2.4,-0.8,0,910,0
580.13,720,0.77,2.44,2.7,-0.8,0,910,0
580.38,760,0.77,2.47,2.7,-1.5,0,910,0
580.61,720,0.77,2.31,2.4,-0.8,0,910,0
580.86,760,0.77,2.36,2.4,-1.5,0,910,0
581.1,720,0.77,2.47,2.4,-0.8,0,910,0
581.36,720,0.77,2.39,2.4,-0.8,0,910,0
581.61,720,0.77,2.36,2.4,0.8,0,910,0
581.87,720,0.77,2.5,2.4,-0.8,0,910,0
582.11,720,0.77,2.28,2.4,-0.8,0,910,0
582.37,720,0.77,2.36,2.4,0.8,0,910,0
582.6,720,0.77,2.47,2.4,0,0,910,0
582.83,720,0.77,2.25,2.4,1.5,0,910,0
583.08,720,0.77,2.31,2.4,0,0,910,0
583.32,720,0.77,2.31,2.4,0.8,0,910,0
583.57,720,0.77,2.5,2.4,0.8,0,910,0
583.8,720,0.77,2.5,2.4,0.8,0,910,0
584.05,720,0.77,2.42,2.4,0.8,0,910,0
584.28,720,0.77,2.47,2.4,0,0,910,0
584.53,720,0.77,2.25,2.4,0,0,910,0
584.76,720,0.77,2.5,2.4,0.8,0,910,0
585.01,720,0.77,2.44,2.4,0,0,910,0
585.25,720,0.77,2.47,2.4,0,0,910,0
585.49,720,0.77,2.47,2.4,0.8,0,910,0
585.73,720,0.77,2.61,2.4,1.5,0,910,0
585.97,720,0.77,2.44,2.4,-1.5,0,910,0
586.22,720,0.77,2.33,2.4,-1.5,0,910,0
586.45,720,0.77,2.36,2.4,0.8,0,910,0
586.71,720,0.77,2.42,2.4,0.8,0,910,0
586.94,720,0.77,2.42,2.4,1.5,0,910,0
587.19,720,0.77,2.53,2.4,3.8,0,910,0
587.42,720,0.77,2.5,2.7,1.5,0,910,0
587.67,720,0.77,2.56,2.4,0,0,910,0
587.91,720,0.77,2.28,2.4,0,0,910,0
588.14,720,0.77,2.31,2.4,0.8,0,910,0
588.39,720,0.77,2.31,2.4,0.8,0,910,0
588.63,720,0.77,2.56,2.4,0.8,0,910,0
588.88,720,0.77,2.5,2.4,0,0,910,0
589.11,720,0.77,2.42,2.4,0,0,910,0
589.36,720,0.77,2.47,2.4,0,0,910,0
589.6,720,0.77,2.58,2.4,0,0,910,0
589.85,720,0.77,2.5,2.4,0,0,910,0
590.08,720,0.77,2.47,2.4,0.8,0,910,0
590.35,720,0.77,2.42,2.4,1.5,0,910,0
590.58,720,0.77,2.39,2.4,0.8,0,910,0
590.82,720,0.77,2.5,2.4,0.8,0,910,0
591.06,720,0.77,2.36,2.4,0.8,0,910,0
591.3,720,0.77,2.53,2.4,1.5,0,910,0
591.55,760,0.77,2.56,2.4,0,0,910,0
591.78,720,0.77,2.5,2.4,0,0,910,0
592.05,720,0.77,2.44,2.4,0,0,910,0
592.29,720,0.77,2.58,2.4,0.8,0,910,0
592.55,720,0.77,2.58,2.4,0.8,0,910,0
592.78,720,0.77,2.5,2.4,-0.8,0,910,0
593.04,720,0.77,2.56,2.4,0,0,910,0
593.27,720,0.77,2.53,2.4,0,0,910,0
593.52,720,0.77,2.36,2.4,0,0,910,0
593.75,720,0.77,2.31,2.4,1.5,0,910,0
594,720,0.77,2.56,2.4,0.8,0,910,0
594.24,720,0.77,2.47,2.4,0.8,0,910,0
594.47,720,0.77,2.47,2.4,0.8,0,910,0
594.73,720,0.77,2.5,2.4,0,0,910,0
594.96,720,0.77,2.31,2.4,0,0,910,0
595.2,760,0.77,2.42,2.4,0.8,0,910,0
595.44,720,0.77,2.56,2.4,0.8,0,910,0
595.69,720,0.77,2.47,2.4,0,0,910,0
595.92,720,0.77,2.5,2.4,1.5,0,910,0
596.17,720,0.77,2.53,2.4,0.8,0,910,0
596.41,720,0.77,2.47,2.4,0,0,910,0
596.66,720,0.77,2.64,2.4,2.3,0,910,0
596.89,760,0.77,2.42,2.4,0.8,0,910,0
597.13,720,0.77,2.47,2.4,0,0,910,0
597.4,720,0.77,2.5,2.4,0,0,910,0
597.62,720,0.77,2.42,2.4,0.8,0,910,0
597.88,720,0.77,2.5,2.4,0.8,0,910,0